i,outer_lat,outer_lon,inner_lat,inner_lon
0,42.714397621054076,23.274974615875177,42.71440714561903,23.27485199227158
1,42.71440266520791,23.274974473431747,42.714403939068625,23.274849257911306
2,42.714407709361744,23.274974330988314,42.7144033551356,23.274847712994227
3,42.71441275055019,23.27497414808137,42.71440752471845,23.274848323952856
4,42.71441776157802,23.274973553625216,42.714411694301305,23.274848934911482
5,42.71442277260585,23.274972959169066,42.714415863884156,23.27484954587011
6,42.71442778363368,23.274972364712912,42.71442006479589,23.274849841726923
7,42.71443279466151,23.274971770256762,42.71442427305034,23.274850063731524
8,42.71443780568934,23.274971175800612,42.71442845629369,23.274849915967152
9,42.714442816717174,23.27497058134446,42.714432596320826,23.274849129286228
10,42.714447827745005,23.27496998688831,42.71443673634797,23.2748483426053
11,42.714452838772836,23.274969392432155,42.71444087637511,23.27484755592437
12,42.71445784980067,23.274968797976005,42.71444501640225,23.274846769243442
13,42.7144628608285,23.274968203519855,42.71444915642939,23.274845982562518
14,42.71446787185633,23.2749676090637,42.714453296456526,23.27484519588159
15,42.71447288288416,23.27496701460755,42.71445743648367,23.27484440920066
16,42.71446868356229,23.27496729048359,42.71445889461682,23.274843940281613
17,42.714463649880486,23.27496764520249,42.714454685382286,23.274844142855695
18,42.71445861619868,23.27496799992139,42.71445047614775,23.274844345429777
19,42.71445358251687,23.274968354640293,42.71444626691322,23.27484454800386
20,42.71444854883506,23.274968709359193,42.714442057678696,23.274844750577945
21,42.714443515153256,23.274969064078093,42.71443784844416,23.274844953152027
22,42.71443847285506,23.27496910171663,42.71443363920963,23.27484515572611
23,42.71443342733772,23.274969020891245,42.714433000532814,23.274845974334433
24,42.71442838182037,23.274968940065865,42.71443689853689,23.274847575663827
25,42.71442333630302,23.274968859240484,42.71444079654097,23.27484917699322
26,42.71442683000035,23.274971110785355,42.714444789166805,23.274848740520337
27,42.714431307824164,23.274973066492443,42.7144488121583,23.27484748655684
28,42.714436272215295,23.274972161727984,42.714452809885486,23.27484615356435
29,42.714441236606426,23.27497125696353,42.71445680761267,23.274844820571865
30,42.71444620099756,23.274970352199073,42.714460805339854,23.274843487579375
31,42.714451165388695,23.274969447434618,42.71446480306704,23.274842154586885
32,42.714456129779826,23.27496854267016,42.714468800794215,23.274840821594395
33,42.714457883742945,23.274967950000587,42.71447221054598,23.274842521520398
34,42.71445283804111,23.27496801834587,42.71447548974294,23.27484158781038
35,42.71445626662158,23.274967772803365,42.714478800545685,23.27483898065163
36,42.71446130355342,23.274967467687457,42.71448211134844,23.27483637349288
37,42.71446634048525,23.27496716257155,42.71448554621405,23.274835396948205
38,42.71447137741709,23.274966857455638,42.71448921334724,23.274837473201018
39,42.71447641434892,23.27496655233973,42.71449267649296,23.274837901882673
40,42.71448145128076,23.27496624722382,42.714495726531474,23.27483499396991
41,42.714486252841986,23.2749649547723,42.71449877657,23.27483208605715
42,42.71449088571527,23.274962954706517,42.714502397363844,23.274830188073437
43,42.71449533932745,23.2749606336592,42.714506461879814,23.274829075238515
44,42.71449947217774,23.274957738261733,42.71451052639578,23.27482796240359
45,42.71450378233755,23.274955632487647,42.71451459091175,23.274826849568672
46,42.714508756318885,23.274956482950884,42.71451490864195,23.274826283235672
47,42.71451373030022,23.274957333414118,42.71451069559586,23.274826377756572
48,42.71451835102569,23.274955902574057,42.714507899806975,23.274826236315366
49,42.71452283484255,23.274953587587138,42.71451191620989,23.274824960698158
50,42.7145273186594,23.274951272600223,42.7145159326128,23.27482368508095
51,42.71453180247626,23.274948957613304,42.71451994901571,23.27482240946374
52,42.714527976833956,23.274948149022723,42.71452395112439,23.274821094395065
53,42.71452674753437,23.274947129900585,42.71452785246834,23.274819501219934
54,42.71453150149764,23.274945437679765,42.71453175381229,23.274817908044803
55,42.71453625546091,23.274943745458945,42.71453543467357,23.274815875775516
56,42.71454100942417,23.274942053238128,42.71453911471339,23.274813850677823
57,42.714545763387434,23.274940361017308,42.71454308645533,23.274812442147542
58,42.7145505173507,23.274938668796487,42.714547058197276,23.27481103361726
59,42.71455110703163,23.274938533417803,42.714551029939216,23.27480962508698
60,42.714546408880736,23.274940374927024,42.71455492224636,23.27480826643893
61,42.714547678095755,23.274939547881992,42.71455192832573,23.274811232097527
62,42.7145521828607,23.274937273927105,42.714549346551635,23.27481391424265
63,42.714556687625645,23.27493499997222,42.71455318671224,23.274812178772066
64,42.71456119239059,23.274932726017333,42.71455702687284,23.27481044330148
65,42.71456591641183,23.274931008021234,42.71456086703345,23.274808707830896
66,42.71457076068693,23.274929594947718,42.71456470719405,23.274806972360313
67,42.714574747815725,23.274926553851504,42.714568222594735,23.27480471129219
68,42.71457865434467,23.27492335966778,42.714571492784174,23.274802053369566
69,42.71458348974843,23.274922726394628,42.714574762973605,23.27479939544694
70,42.71458853563507,23.27492267342342,42.714578033163036,23.274796737524316
71,42.71459337225961,23.274921861310915,42.71458033012036,23.27479446013776
72,42.7145977326041,23.274919321394776,42.7145761243664,23.274794725326778
73,42.71460209294858,23.27491678147864,42.71457191861244,23.274794990515797
74,42.71460645329307,23.274914241562502,42.714574601222424,23.274794112283523
75,42.714610813637556,23.274911701646364,42.714578667101186,23.27479300443809
76,42.71461517398205,23.274909161730225,42.71458273297995,23.274791896592664
77,42.71461953432653,23.274906621814086,42.714586798858704,23.274790788747232
78,42.714618969293426,23.27490644931651,42.71459024884224,23.274788375671406
79,42.714614262162314,23.274908267748465,42.71459368895873,23.274785941684936
80,42.71460955503121,23.27491008618042,42.714596719682305,23.274783092752596
81,42.71460456979315,23.27491055630897,42.71459919979281,23.27477968573872
82,42.71460306024066,23.274909873434783,42.7146016799033,23.27477627872485
83,42.714607609227976,23.27490768928907,42.71460521119713,23.274774537702466
84,42.71461215821529,23.27490550514336,42.7146093540189,23.274773765873856
85,42.714616707202595,23.274903320997648,42.71461251549489,23.27477151811187
86,42.71462125618991,23.274901136851938,42.714614829981166,23.27476799648655
87,42.71462580517722,23.274898952706227,42.71461713593392,23.27476446977491
88,42.71463035416453,23.274896768560517,42.7146191324659,23.27476075863605
89,42.71463305040186,23.27489278594485,42.714621128997884,23.274757047497186
90,42.71463509835929,23.274888174041944,42.714623662837674,23.274753789736774
91,42.714638953450674,23.27488516982795,42.71462698520956,23.274751197336997
92,42.71464329558467,23.274882598903922,42.71463030758146,23.27474860493722
93,42.714647866300815,23.274880522207607,42.71463362995335,23.27474601253744
94,42.714652637193936,23.274878878322923,42.71463695232524,23.274743420137664
95,42.71465662635779,23.274875922069285,42.714636158012375,23.274745230397915
96,42.71466034385287,23.27487250973748,42.7146337942463,23.274748719137165
97,42.71466406134795,23.274869097405674,42.71463143048023,23.274752207876414
98,42.714667301262544,23.274865339345336,42.714631769808754,23.274752520724324
99,42.714669382005155,23.274860742140945,42.714634835958385,23.274749629804393
100,42.71467178228276,23.274856467697155,42.71463790210802,23.274746738884463
101,42.71467640015377,23.274854433232765,42.71464096825765,23.274743847964537
102,42.71468101802478,23.274852398768378,42.71464403440728,23.274740957044607
103,42.71468435734313,23.274848642750005,42.71464654303324,23.274737626866393
104,42.71468763964741,23.27484480996294,42.7146486362111,23.274733969367514
105,42.71469092195168,23.27484097717587,42.714650729388964,23.274730311868638
106,42.71469531925266,23.274838599262388,42.71465408655458,23.27472777406239
107,42.71469838257421,23.274834767124396,42.71465746485189,23.274725254975472
108,42.714701027997634,23.274830469972674,42.71466024185123,23.27472219299926
109,42.71470367342106,23.27482617282095,42.71466240382784,23.274718575742185
110,42.714707273130706,23.274822855070095,42.71466451721561,23.274714930383627
111,42.71471163753865,23.274820322142663,42.714666574393874,23.274711252516145
112,42.71471593446953,23.274817709242804,42.71466887730609,23.274707749654603
113,42.71471916571136,23.27481383331011,42.714671680389486,23.274704603003197
114,42.71472239695319,23.274809957377414,42.71467448347288,23.274701456351792
115,42.714725581909256,23.27480604429455,42.71467728655628,23.274698309700387
116,42.71472866679869,23.274802050895598,42.71468116951003,23.274697056204705
117,42.71473175168813,23.274798057496643,42.71468390636425,23.274694706688603
118,42.71473400446416,23.274793591250827,42.71468510707211,23.274690667258913
119,42.71473585623782,23.27478889713618,42.714686307779964,23.27468662782922
120,42.71473898371435,23.274784989824852,42.71468836198283,23.274683188796452
121,42.71474234718938,23.274781228068115,42.7146917580347,23.274680693696588
122,42.71474571066441,23.274777466311377,42.71469515408656,23.274678198596728
123,42.71474907413944,23.27477370455464,42.71469799865794,23.274675233466574
124,42.71475243761447,23.274769942797903,42.714699924084876,23.274671484943838
125,42.7147558010895,23.274766181041166,42.71470181125997,23.274667717156973
126,42.71475916456453,23.27476241928443,42.714703676666105,23.274663938406974
127,42.71475829250213,23.27476376049475,42.714705709098716,23.274660251270785
128,42.71475521460747,23.27476775928738,42.71470789311704,23.27465664727917
129,42.71475213671281,23.274771758080007,42.714710077135365,23.274653043287554
130,42.71474876161469,23.274775495085205,42.714712261153686,23.274649439295942
131,42.71474670226663,23.274777357990285,42.714714445172014,23.274645835304327
132,42.71474984813151,23.27477341244695,42.714716551507124,23.27464240305608
133,42.71475299399639,23.274769466903617,42.71471528706039,23.274646422989672
134,42.71475613986127,23.274765521360283,42.71471402261366,23.274650442923264
135,42.71475928572615,23.274761575816953,42.71471539867046,23.27464725509524
136,42.71476243159103,23.27475763027362,42.714717030285875,23.274643369670844
137,42.714765577455914,23.274753684730285,42.714718661901294,23.27463948424645
138,42.71476871965277,23.274749736616386,42.71472029351672,23.27463559882206
139,42.71477135474693,23.274745433122828,42.71472192513214,23.274631713397664
140,42.714773989841085,23.27474112962927,42.71472430698395,23.27462826379178
141,42.71477648400583,23.2747367565276,42.71472687389805,23.2746249216901
142,42.71477829993323,23.27473204842971,42.71472944081214,23.27462157958842
143,42.71478012706802,23.27472734656992,42.714732007726234,23.274618237486738
144,42.714783171612126,23.274723322327233,42.714732691576025,23.27461719593438
145,42.71478621615623,23.27471929808454,42.71472992263644,23.274620372672516
146,42.714789343564675,23.27471533881592,42.71472715369685,23.27462354941065
147,42.714792525426425,23.274711422244227,42.71472438475727,23.274626726148785
148,42.714795425191106,23.27470736476627,42.71472678075229,23.274623303338373
149,42.714796645379835,23.274702468347424,42.71472919897689,23.27461985212389
150,42.71479803887375,23.27469764085062,42.71473161720149,23.274616400909412
151,42.714800514635606,23.2746932437628,42.71473403542608,23.27461294969493
152,42.714802990397466,23.274688846674984,42.71473645365069,23.274609498480448
153,42.71480546615932,23.274684449587166,42.71473847958384,23.274605849609202
154,42.71480777525946,23.274679970953446,42.71473981424218,23.27460185243786
155,42.71480972768777,23.274675317803794,42.71474114890051,23.27459785526652
156,42.71481260676025,23.274671217901172,42.71474250474616,23.274593865247535
157,42.71481577662889,23.274667291616563,42.71474386578945,23.274589876983153
158,42.71481894649753,23.27466336533195,42.71474522683275,23.274585888718775
159,42.714819508427134,23.274658403050655,42.71474703300119,23.274582085000514
160,42.71481989689096,23.27465337186055,42.71474889318141,23.274578303675195
161,42.71482028535478,23.27464834067044,42.714750753361635,23.27457452234988
162,42.714821662111504,23.27464369392472,42.71475218162406,23.274570620619745
163,42.71482477555454,23.27463972274725,42.71475254591587,23.27456642228876
164,42.71482788899757,23.274635751569775,42.71475416871641,23.274562590377148
165,42.714830328697325,23.274631444725358,42.71475611503414,23.27455885265874
166,42.714831632789355,23.274626570481715,42.714758061351866,23.27455511494033
167,42.71483341825407,23.27462185074721,42.714759211375124,23.27455106548979
168,42.71483520371878,23.274617131012704,42.71476031992269,23.274546999802403
169,42.71483704883384,23.274612434877625,42.714761584663414,23.27454299890975
170,42.71483897575803,23.274607771108634,42.71476367957007,23.2745393424008
171,42.71484090268221,23.27460310733964,42.71476577447672,23.274535685891845
172,42.7148427666858,23.274598424663644,42.71476717325912,23.274531743491828
173,42.71484372963389,23.274593471229583,42.71476825296374,23.27452767004985
174,42.71484469258199,23.274588517795518,42.714769213715975,23.274523572403343
175,42.71484653991835,23.274583868704624,42.71476981169193,23.27451940093881
176,42.7148488291421,23.274579371679756,42.714770409667885,23.274515229474275
177,42.71485111836585,23.274574874654892,42.71477100764384,23.27451105800974
178,42.7148534075896,23.274570377630024,42.71477255421242,23.27450719710489
179,42.71485471636983,23.274565506735787,42.71477453898488,23.274503479663576
180,42.71485623891934,23.274560704842095,42.71477657791655,23.274499796198345
181,42.71485809553687,23.274556012641185,42.71477906115042,23.274496391460303
182,42.7148599521544,23.274551320440274,42.71478094681627,23.274492703015646
183,42.714861069632434,23.274546471787268,42.71478201538242,23.2744886266376
184,42.714861273442594,23.27454142974012,42.71478308394857,23.27448455025955
185,42.71486147725276,23.27453638769297,42.714783971017994,23.274480432860393
186,42.71486168106293,23.274531345645823,42.714784759414655,23.27447629315964
187,42.7148644224358,23.27452713570017,42.71478554781131,23.27447215345889
188,42.71486724387159,23.27452295200824,42.714786256784194,23.274468013981124
189,42.71486756364029,23.274517953252793,42.71478544515549,23.27446387877249
190,42.7148677482662,23.27451291046673,42.71478480970387,23.274459737480445
191,42.71486793289212,23.27450786768066,42.71478533416135,23.274455556136648
192,42.714869001928996,23.274502944775826,42.71478585861883,23.27445137479285
193,42.71487016639155,23.274498034805866,42.71478638307631,23.274447193449053
194,42.714871330854095,23.274493124835907,42.714787461346575,23.274443204683646
195,42.7148729213124,23.274488349925445,42.714789644319104,23.274439600058486
196,42.71487479855837,23.274483665939364,42.71479096748786,23.274435635443723
197,42.71487665002742,23.27447897176431,42.71479200392917,23.2744315507796
198,42.714878482675324,23.274474270149728,42.71479304037048,23.274427466115476
199,42.71488031532323,23.274469568535142,42.71479407681179,23.27442338145135
200,42.71488057103524,23.274464632847554,42.71479380415708,23.274419212424938
201,42.71488018308533,23.274459601617792,42.71479330056875,23.27441502851643
202,42.714879795135424,23.274454570388034,42.714793838992776,23.27441094735061
203,42.71488162918801,23.274450032769735,42.71479515000843,23.274406942362525
204,42.71488411086991,23.27444563902043,42.71479646102407,23.27440293737444
205,42.71488594466304,23.274441039093,42.71479724722482,23.274398845624397
206,42.71488645869846,23.274436019178097,42.71479729493825,23.274394631788255
207,42.71488697273387,23.274430999263195,42.714797342651686,23.274390417952112
208,42.71488748676929,23.27442597934829,42.71479828160954,23.274386344931784
209,42.71488670747113,23.274421001559517,42.7147995353537,23.27438232164741
210,42.714885867857085,23.274416025735334,42.71479999107141,23.27437814092834
211,42.71488539191047,23.274411095984075,42.714800359221435,23.27437394293392
212,42.7148874458536,23.27440648674383,42.714800727371454,23.2743697449395
213,42.714889499796726,23.27440187750358,42.71480098892762,23.274365540309198
214,42.714890811655664,23.274397181814333,42.71480114428509,23.274361329067617
215,42.71488987224118,23.2743922238633,42.714801299642566,23.274357117826035
216,42.714888932826696,23.274387265912264,42.71480137872531,23.27435290639552
217,42.71488956668562,23.274382379032872,42.71480124423208,23.27434869443598
218,42.71489094930614,23.274377525978313,42.71480144104611,23.274344529304866
219,42.714892331926656,23.274372672923757,42.714802737622875,23.274340519619056
220,42.71489371454717,23.274367819869198,42.71480403419964,23.274336509933246
221,42.71489341143985,23.274362814409,42.71480533077641,23.274332500247436
222,42.71489292164767,23.274357792070735,42.714804399831095,23.274328549661597
223,42.71489366313241,23.274352816052644,42.71480289246047,23.274324614369313
224,42.71489452888312,23.27434784470939,42.71480312884039,23.274320636105575
225,42.71489510446728,23.2743428660681,42.714804440543304,23.27431663134253
226,42.714894489723655,23.27433785748863,42.714805752246214,23.27431262657948
227,42.714893874980035,23.274332848909157,42.7148048632116,23.274308560409676
228,42.71489336497165,23.274327829871762,42.714803776863995,23.274304488734284
229,42.71489297722821,23.274322798626084,42.71480269051639,23.274300417058893
230,42.71489258948477,23.27431776738041,42.71480168883472,23.274296348526306
231,42.71489220174133,23.274312736134732,42.71480307405848,23.274292368595813
232,42.71489238365251,23.274307702211157,42.71480445928224,23.274288388665322
233,42.714892724076975,23.27430266754243,42.71480528398972,23.274284322605965
234,42.71489299768459,23.27429762919193,42.714805157569195,23.274280110396393
235,42.71489321248614,23.274292587601078,42.71480503114867,23.274275898186826
236,42.71489315556761,23.274287562708526,42.714804523533246,23.27427172378631
237,42.714892325061264,23.274282585356094,42.714803820049525,23.274267568813116
238,42.71489149455492,23.274277608003658,42.71480406998977,23.27426338829784
239,42.714891322654296,23.274272645297533,42.71480455000193,23.274259201618975
240,42.7148923736064,23.274267709785633,42.714805030014084,23.274255014940106
241,42.71489342455852,23.274262774273737,42.71480493617825,23.274250918013255
242,42.71489447551063,23.274257838761837,42.71480320073577,23.27424707783995
243,42.71489438625164,23.274252974925787,42.7148020886264,23.274243097890132
244,42.714892725503724,23.274248209876536,42.714802018105736,23.274238884373972
245,42.71489124917346,23.274243409360434,42.71480194758507,23.27423467085781
246,42.71489102401412,23.274238368221543,42.7148018770644,23.27423045734165
247,42.71489079885479,23.27423332708265,42.714801437416085,23.27422627477082
248,42.71489091266873,23.274228297251263,42.714800805413645,23.274222108325752
249,42.714891473279195,23.27422328232415,42.714800232769576,23.274217934828254
250,42.71489203388966,23.274218267397035,42.714799870919435,23.274213736286118
251,42.71489179189774,23.274213273159322,42.714799509069294,23.27420953774398
252,42.714890973655,23.274208293776145,42.714798898953745,23.274205380427727
253,42.71489015541226,23.274203314392963,42.71479788441781,23.274201290267772
254,42.71488911930147,23.27419837792629,42.71479686988189,23.274197200107817
255,42.714887987975715,23.274193460215432,42.71479616550554,23.274193118923606
256,42.71488685664997,23.27418854250457,42.71479741487671,23.274189094279116
257,42.71488576449989,23.27418361599107,42.71479693294891,23.274184912391693
258,42.71488468330758,23.274178687015393,42.71479642910587,23.27418072851385
259,42.71488391082298,23.27417374164249,42.714795925262834,23.27417654463601
260,42.71488446379285,23.27416872586714,42.714795409059576,23.274172362379392
261,42.714885016762715,23.274163710091788,42.71479481686771,23.274168190089807
262,42.71488470763654,23.2741588198778,42.71479422467584,23.27416401780022
263,42.714882746927834,23.27415417021121,42.71479286319023,23.27416012779507
264,42.714880786219126,23.274149520544622,42.71479061623034,23.274156562705613
265,42.71487942982829,23.274144676792186,42.714788603280006,23.27415288976986
266,42.714878316509356,23.27413975497352,42.714787352601135,23.274148865531547
267,42.71487720319042,23.27413483315485,42.714786101922265,23.27414484129324
268,42.714876096304494,23.274129910091325,42.71478485124339,23.27414081705493
269,42.71487529315743,23.27412492825102,42.71478347427462,23.274136835818148
270,42.71487449001036,23.274119946410718,42.714782009304066,23.274132884545836
271,42.71487350777998,23.274114998023947,42.714782769212206,23.274128758498957
272,42.7148724582657,23.2741100622061,42.71478359923909,23.274124626943927
273,42.71487140875143,23.274105126388253,42.71478378944832,23.274120596778644
274,42.714869868212844,23.274100321408557,42.71478172273619,23.27411692426008
275,42.7148683225609,23.27409551779137,42.714779656024064,23.274113251741518
276,42.71486740415079,23.27409057489464,42.714777589311936,23.27410957922296
277,42.71486677149227,23.274085568546546,42.71477759989485,23.274105525203677
278,42.714866138833756,23.274080562198453,42.71477822681974,23.27410135799156
279,42.71486592101765,23.27407552274603,42.71477710408699,23.274097454038923
280,42.714865751714754,23.27407047942227,42.71477527865561,23.274093655816724
281,42.7148648328383,23.274065649633826,42.714773453224225,23.274089857594525
282,42.71486231897124,23.274061274219513,42.714771932008375,23.27408593721121
283,42.71485980510418,23.274056898805195,42.714770623628226,23.274081931361366
284,42.71485729123712,23.27405252339088,42.71476931524807,23.27407792551152
285,42.71485721409098,23.274047553631583,42.71476824700328,23.274073862858618
286,42.71485743106206,23.274042512133633,42.71476762200976,23.274069695356406
287,42.71485695092798,23.274037601262044,42.71476699701624,23.27406552785419
288,42.71485492337605,23.27403298035183,42.71476538991285,23.274061760089253
289,42.71485289582412,23.274028359441616,42.71476292689691,23.274058340696893
290,42.71485085745174,23.274023743306692,42.71476046388098,23.274054921304533
291,42.71484881022985,23.27401913107723,42.71476000907982,23.274050738608135
292,42.71484676300796,23.27401451884777,42.71475957903495,23.2740465465021
293,42.71484487152708,23.274009865985914,42.714759148990076,23.274042354396066
294,42.71484440454987,23.27400484147496,42.71475714982118,23.27403865838791
295,42.714843937572674,23.273999816964004,42.714755091822205,23.274034980979604
296,42.71484273698121,23.273994957323108,42.71475370989205,23.274031046832423
297,42.71484100925063,23.273990216149723,42.714752808136254,23.274026930337786
298,42.71483863788146,23.273985860411933,42.714751381654786,23.2740231793893
299,42.71483527396568,23.273982099049324,42.71474783268317,23.274020907057444
300,42.71483191004991,23.273978337686714,42.71474428371156,23.274018634725586
301,42.71482991341125,23.273973862372518,42.714742641976976,23.274015076661954
302,42.71482874936288,23.273968952304347,42.7147418667131,23.274010934481666
303,42.7148270909952,23.273964199645807,42.71474109144921,23.274006792301382
304,42.714825201508454,23.273959520584164,42.714740207490834,23.274002689243023
305,42.71482331202171,23.27395484152252,42.714738165629775,23.273999002851188
306,42.71482142253495,23.273950162460878,42.71473614007681,23.273995307472077
307,42.714819981804126,23.273945342410528,42.714734114523836,23.273991612092964
308,42.71481821653249,23.27394072359951,42.71473208897087,23.273987916713853
309,42.7148151513471,23.273936715056564,42.7147302454445,23.27398415285568
310,42.714812086161714,23.273932706513616,42.714729333026455,23.273980038711183
311,42.71480946812165,23.273928486060807,42.71472739863046,23.27397650081435
312,42.714808306366464,23.27392357544955,42.71472435049797,23.273973590903715
313,42.71480714461127,23.27391866483829,42.714721302365476,23.27397068099308
314,42.71480551261429,23.273913977514933,42.71471981752653,23.273966760702667
315,42.71480244141711,23.273909973576124,42.71471841628032,23.27396278638503
316,42.714799583557905,23.27390582575797,42.71471709516765,23.273958785398445
317,42.714797022191426,23.273901477979255,42.714715835388596,23.273954763999644
318,42.71479446082494,23.273897130200535,42.71471457560954,23.27395074260084
319,42.714791941491384,23.27389275896953,42.71471268596522,23.273947016548103
320,42.7147895868216,23.273888295864303,42.71471040006226,23.27394347630245
321,42.71478723215182,23.27388383275908,42.71470811415931,23.2739399360568
322,42.71478474612537,23.27387944225567,42.71470552213355,23.27393662760128
323,42.71478221968522,23.273875074089208,42.71470273448827,23.273933467265
324,42.71477969324507,23.273870705922747,42.71469994684299,23.27393030692872
325,42.71477760746556,23.27386611945736,42.7146965956071,23.27392791738326
326,42.71477566315207,23.273861462911096,42.71469297195212,23.273925993986094
327,42.71477352892935,23.273856976319106,42.714691406734644,23.273922081341734
328,42.71476911590094,23.27385452908427,42.71468984151718,23.273918168697374
329,42.7147649413396,23.27385187274342,42.71468734162098,23.273914858499616
330,42.71476309159093,23.27384717783044,42.7146844246367,23.27391181713573
331,42.71476101580501,23.273842613090416,42.71468168799904,23.273908642180967
332,42.71475788341972,23.273838656837082,42.71467962864698,23.273904965530225
333,42.714754751034434,23.27383470058375,42.714677569294906,23.273901288879486
334,42.71475168800169,23.273830696308348,42.71467546280269,23.273897650670918
335,42.71474908680926,23.273826372238968,42.714672275645604,23.273894893730343
336,42.714746485616836,23.27382204816959,42.71466957584336,23.27389169968813
337,42.714743205450574,23.273818225328245,42.7146671806332,23.273888232461587
338,42.714739839323904,23.273814465944078,42.71466489718618,23.27388469229775
339,42.71473647319724,23.273810706559914,42.71466268779254,23.273881103806236
340,42.71473442782946,23.273806179110675,42.7146604783989,23.273877515314723
341,42.714732825171765,23.27380139421085,42.714658269005255,23.27387392682321
342,42.714731071070055,23.273796685464635,42.71465513656406,23.273871153978376
343,42.714728185858554,23.27379254549693,42.71465184726869,23.273868519737015
344,42.714725300647046,23.273788405529228,42.7146485897435,23.27386586393174
345,42.71472197160642,23.27378461984547,42.71464735605752,23.27386183445156
346,42.7147185739411,23.27378088894097,42.714645530324375,23.273858439287956
347,42.71471473518681,23.273777708311442,42.71464142546416,23.273857485970492
348,42.714710354261946,23.27377520405998,42.714638049499044,23.27385536873199
349,42.71470609777917,23.273772510867758,42.71463539966653,23.27385209198372
350,42.71470206703306,23.273769474938934,42.71463274983401,23.27384881523545
351,42.71469803628695,23.27376643901011,42.714629510374074,23.273846343850938
352,42.71469444301833,23.27376294609721,42.71462558625102,23.27384480763812
353,42.71469123425299,23.27375905153652,42.71462198790337,23.273842769655936
354,42.71468771670836,23.273755467365838,42.714618987776014,23.273839810276364
355,42.71468380550565,23.273752278906745,42.71461598764866,23.273836850896792
356,42.714680493190585,23.273748588848218,42.714613367170195,23.273833566233467
357,42.71467804035763,23.27374417892888,42.714610902795116,23.27383014782052
358,42.71467558752469,23.27373976900954,42.71460843842004,23.273826729407574
359,42.714672635328334,23.2737359273868,42.71460442942464,23.273826374561043
360,42.714667946604614,23.273734062005346,42.714600605028124,23.27382513246465
361,42.714663550240736,23.27373163266453,42.714597119931604,23.273822763331083
362,42.71465932346128,23.273728876196966,42.71459399727452,23.273820062440304
363,42.71465532529016,23.273725808206816,42.71459194484814,23.273816381918937
364,42.71465142793121,23.2737226028408,42.71458989242175,23.273812701397567
365,42.714647530572265,23.273719397474785,42.71458680796708,23.27381059009998
366,42.714643940642375,23.273715902869068,42.714582615503296,23.273810163556835
367,42.71464097862861,23.273711817498523,42.71457842303952,23.273809737013693
368,42.71463744778073,23.273708445818762,42.71457491311158,23.273807718809287
369,42.71463280466069,23.27370646965726,42.71457171403191,23.273804975712338
370,42.71462816154064,23.273704493495757,42.71456925192599,23.273801711950718
371,42.714625158222134,23.273700534504417,42.7145677353024,23.27379778021516
372,42.714622345679935,23.273696344828487,42.714565796884465,23.273794245894813
373,42.71461824372417,23.273693932527173,42.71456196229436,23.27379249815046
374,42.71461338802966,23.2736925592068,42.71455812770425,23.27379075040611
375,42.714608663985075,23.27369083031889,42.714554266831115,23.273789808219206
376,42.714604084747556,23.273688710327907,42.714550326469904,23.27379130228919
377,42.71459970220787,23.27368633555164,42.7145469723718,23.27379043395831
378,42.714596492124805,23.273682442077007,42.71454418772233,23.273787270982034
379,42.71459328204174,23.273678548602373,42.714541403072865,23.273784108005756
380,42.714588351838955,23.273677544449342,42.71453847471578,23.273781115791742
381,42.71458339903663,23.273676578257238,42.714534882596965,23.27377891230041
382,42.714578593677125,23.273675176709453,42.71453135037481,23.273776614591615
383,42.714574085680894,23.273672910436424,42.71452783080296,23.27377429698389
384,42.71456967616696,23.273670456874743,42.71452381035665,23.273773226162056
385,42.71456526665303,23.27366800331306,42.71451966560558,23.273772464761954
386,42.7145608571391,23.273665549751374,42.7145154629146,23.27377263683214
387,42.71455611554956,23.273663850786438,42.714511255820646,23.273772879838532
388,42.71455132772928,23.273662256874566,42.71450722486982,23.273772686804378
389,42.71454677652558,23.273660098517286,42.71450436699571,23.273769589830504
390,42.71454227524276,23.273657817957407,42.714501509121604,23.273766492856627
391,42.71453774231389,23.273655600676666,42.71449812162222,23.273764082157435
392,42.71453310702736,23.273653672485406,42.71449440141804,23.273762102568476
393,42.71452818880077,23.273652543403795,42.71449044060454,23.273760746846875
394,42.714523399799525,23.273651021745117,42.71448635458095,23.273759715778105
395,42.714518772541794,23.273649008721538,42.71448226855736,23.273758684709335
396,42.71451414528406,23.27364699569796,42.71447866491631,23.273760349416502
397,42.714509323836175,23.27364550801375,42.71447518999031,23.2737627334427
398,42.71450449977962,23.27364402738671,42.71447166524467,23.273761171738613
399,42.714499641382616,23.27364266572917,42.71446813123359,23.27375887620877
400,42.71449477034219,23.27364134787362,42.71446429713847,23.273757177541587
401,42.7144899576401,23.2736398439681,42.71446034676311,23.27375571015408
402,42.71448520623294,23.27363814458346,42.714456447934424,23.27375455646613
403,42.714480424967604,23.27363661579239,42.714453168549326,23.273757190895203
404,42.71447537882652,23.27363660035798,42.7144489646855,23.273756897261794
405,42.71447040169734,23.273635926690588,42.714444760821685,23.27375660362839
406,42.71446546208627,23.27363489517692,42.71444055695786,23.27375630999498
407,42.71446052247519,23.27363386366325,42.71443767019139,23.273753390239694
408,42.71445558286411,23.27363283214958,42.714434920807236,23.27375019656182
409,42.71445187384042,23.27363194918988,42.71443137149925,23.273751326655116
410,42.71445691701851,23.273632122777926,42.71442766150242,23.27375332530843
411,42.714456982876214,23.27363237893424,42.71442383225373,23.273753803011303
412,42.71445194823073,23.27363271970229,42.71441985609433,23.273752406999826
413,42.71444691358524,23.273633060470345,42.71441590108011,23.273750953541295
414,42.71444187893976,23.273633401238396,42.71441196870727,23.27374943857086
415,42.71443713637798,23.27363193144247,42.714407989691345,23.273748191664026
416,42.714432464294624,23.273630024766007,42.71440377671731,23.273748289343846
417,42.714427679168615,23.273629167598354,42.71439956374327,23.27374838702367
418,42.714422708221996,23.27363003562356,42.7143954050167,23.273747809472486
419,42.71441773196828,23.273630774599173,42.71439126167251,23.273747040453312
420,42.714412706533636,23.27363031766965,42.714387935344604,23.273749102874568
421,42.71440779041207,23.273629181929387,42.71438483862541,23.273751961024647
422,42.71440287559025,23.273628038117977,42.71438140488376,23.27375350811649
423,42.71439793583114,23.27362704310338,42.7143773137048,23.27375249769759
424,42.7143929166404,23.273626522044502,42.714373252758314,23.273752668524168
425,42.71438789744966,23.273626000985622,42.71436921862252,23.27375388690013
426,42.71438295735526,23.273626856984777,42.714365197397676,23.273754827575626
427,42.71437803083521,23.273627949311763,42.71436129371015,23.273753240151525
428,42.714373104315165,23.27362904163875,42.71435739002262,23.273751652727423
429,42.714368177795116,23.273630133965735,42.71435332829206,23.27375228722512
430,42.714371783659075,23.27363015894493,42.7143494017096,23.2737537396196
431,42.714376827445875,23.273630004048986,42.714345650414245,23.273755659639072
432,42.71437345493158,23.273629589620352,42.71434189911889,23.273757579658543
433,42.71436843027204,23.27362912424467,42.714338029442736,23.273758006649963
434,42.714363405612495,23.27362865886899,42.714334022448746,23.273756701778026
435,42.71435838095295,23.27362819349331,42.714330157217766,23.27375758126503
436,42.71435387668002,23.27363045019524,42.71432635249605,23.273759393110577
437,42.71434930190831,23.273632432096786,42.71432230892293,23.27376010953935
438,42.71434425678223,23.27363253447355,42.71431809529474,23.27376004606414
439,42.71433921165617,23.273632636850316,42.714313881666556,23.27375998258893
440,42.714334768728015,23.273634503304795,42.714309837263464,23.273761082535763
441,42.714330714111796,23.273637507279727,42.71430581631998,23.27376234376735
442,42.714325902584434,23.273637319276073,42.714302170660126,23.273764433915364
443,42.714320930861355,23.27363645570925,42.71429856993653,23.273766623317382
444,42.71431593085777,23.273635975441575,42.714294609078756,23.27376722945974
445,42.714310886230216,23.273636099984,42.71429067367591,23.273767859998785
446,42.71430584160265,23.273636224526424,42.714287154086755,23.273770177580232
447,42.714301963733554,23.27363919674042,42.71428362537993,23.273772481122087
448,42.714298281978365,23.273642647603612,42.7142800766737,23.27377475386838
449,42.71429441136652,23.273645458526094,42.714276436659894,23.273776771820117
450,42.71428944591662,23.273644559590412,42.71427225214366,23.273777270333365
451,42.714284480129315,23.273643982332658,42.71426806762742,23.273777768846614
452,42.71427951280456,23.27364487084986,42.71426461076998,23.27377994901947
453,42.71427557609534,23.27364752784176,42.71426138270734,23.273782657949745
454,42.714272354353064,23.273651411674244,42.71425815464471,23.273785366880023
455,42.71426881215907,23.273654510875982,42.714254807124775,23.27378792143152
456,42.714263792653504,23.273653992858705,42.7142513747415,23.273790366311196
457,42.71425877314793,23.273653474841424,42.71424806581082,23.27379296598591
458,42.71425394673574,23.273654093781914,42.714244679108766,23.273795392965372
459,42.71424937969185,23.273656239915212,42.714240810993424,23.27379706520198
460,42.71424472389571,23.273658179590115,42.714236942878074,23.273798737438586
461,42.71424002416168,23.273660017055235,42.71423294123958,23.273799634334505
462,42.71423551162545,23.273662077880996,42.71422873657976,23.273799352328485
463,42.71423288090191,23.273666384047697,42.71422580896145,23.273801979548857
464,42.71423025017836,23.273670690214402,42.71422317047496,23.273805265440007
465,42.7142254299101,23.27367150090914,42.714220531988474,23.273808551331157
466,42.71422040737715,23.273671988700873,42.714217432431006,23.27381130992327
467,42.71421597831171,23.273673875580332,42.71421382389971,23.273813486432744
468,42.71421213685351,23.273677147732066,42.71421023783917,23.273815697707697
469,42.71420817768494,23.273680245543726,42.71420677143127,23.273818094102467
470,42.71420370691029,23.273682585618953,42.714203305023375,23.273820490497233
471,42.71419923613564,23.273684925694177,42.7141997226449,23.27382261150402
472,42.71419496009241,23.27368758635787,42.71419715306557,23.273825951556965
473,42.714190736977194,23.27369033542133,42.71419458348624,23.273829291609907
474,42.71418628508758,23.273692711227906,42.714191790406424,23.2738324105553
475,42.71418183319796,23.27369508703448,42.714188478205735,23.27383501593784
476,42.71417738970163,23.27369747819392,42.714185166005045,23.27383762132038
477,42.71417298663991,23.273699943315727,42.71418146885408,23.27383962408761
478,42.714168928923606,23.273702845135983,42.71417771246244,23.273841534117306
479,42.71416551534723,23.273706561488275,42.71417399095124,23.273843504803622
480,42.71416210177086,23.273710277840568,42.714170450696585,23.273845790692636
481,42.71415803797516,23.27371304396181,42.714167174899174,23.273848308720112
482,42.714153409045856,23.273714976149037,42.714165367153036,23.273852115391296
483,42.71415028663552,23.27371894027968,42.7141635594069,23.27385592206248
484,42.71414716422519,23.27372290441032,42.714159891691274,23.27385765194177
485,42.71414396448503,23.273726804467728,42.714155909518716,23.2738590307069
486,42.71414064978319,23.273730609271233,42.71415295072098,23.27386131836963
487,42.71413733508134,23.273734414074735,42.71415205179704,23.27386543548359
488,42.714133089940596,23.273737108925125,42.714151152873114,23.27386955259755
489,42.7141287648104,23.273739708353286,42.71414926272405,23.27387291468995
490,42.714125052000604,23.273743086674074,42.71414553237248,23.273874875090087
491,42.714121504976085,23.27374667587943,42.7141420569441,23.273877128723182
492,42.714117615694626,23.27374971967801,42.71413959671944,23.273880550124392
493,42.71411284102242,23.273751352553802,42.714137136494784,23.273883971525603
494,42.714108820195825,23.273753873766967,42.71413424717295,23.273886931386603
495,42.714106432215466,23.273758319138476,42.71413065584098,23.273889136160133
496,42.71410404423511,23.273762764509982,42.71412723608433,23.273891576529483
497,42.71410027998534,23.273765685368804,42.71412403559223,23.273894317978357
498,42.714095614335385,23.273767607734165,42.71412083510013,23.273897059427227
499,42.714091072843075,23.273769656731723,42.71411931047761,23.27390096737586
500,42.714089058788524,23.273774283540806,42.71411785103476,23.273904920693223
501,42.71408704473397,23.27377891034989,42.71411603747098,23.273908642320723
502,42.7140844183162,23.273783125981584,42.71411299955117,23.273911562891698
503,42.714080898032705,23.273786741418238,42.71410996163136,23.273914483462672
504,42.71407737774922,23.27379035685489,42.71410716548986,23.27391762601792
505,42.714073797046034,23.2737939122246,42.714104514394194,23.27392090174431
506,42.71407020228393,23.273797453617465,42.71410193628462,23.27392423424626
507,42.71406684850882,23.27380117230857,42.71409941343183,23.273927609732212
508,42.71406453748417,23.27380565816892,42.71409751629626,23.273931318867085
509,42.71406222645952,23.273810144029273,42.71409611925141,23.273935294663517
510,42.71405901500108,23.273813908283007,42.71409472220655,23.27393927045995
511,42.714055140333315,23.27381714104154,42.71409322907756,23.27394319449557
512,42.714051808115116,23.273820744365796,42.71409067759451,23.273946548392683
513,42.7140502056127,23.273825529317627,42.7140878964276,23.27394969075134
514,42.714048603110285,23.27383031426946,42.714084763362855,23.273952509012663
515,42.714046096741264,23.273834613606507,42.714081630298104,23.273955327273985
516,42.71404299146135,23.273838591170417,42.71407994187412,23.27395899103805
517,42.71404005495522,23.273842685058177,42.71407901898709,23.273963102846796
518,42.71403744298642,23.273847002626592,42.71407809610007,23.27396721465554
519,42.71403462568331,23.273851157713388,42.714076210358634,23.27397096990369
520,42.71403102422365,23.273854692294886,42.714074232569814,23.2739746910652
521,42.71402742276399,23.273858226876385,42.714072370191204,23.273978462367264
522,42.714024495346685,23.273862197256605,42.714070999949556,23.27398244748074
523,42.71402275026874,23.27386693207244,42.714069629707915,23.27398643259422
524,42.71402100519079,23.273871666888276,42.71406706947914,23.273989688565695
525,42.71401870248572,23.27387611731577,42.71406414110121,23.27399271896077
526,42.71401589452879,23.273880310066172,42.714061882946645,23.273996236129772
527,42.71401273604331,23.273884177265593,42.71405990703755,23.273999958289746
528,42.71400876191837,23.273887286945477,42.714057931128465,23.274003680449717
529,42.71400478779343,23.273890396625365,42.71405647473477,23.274007611879064
530,42.714003555226604,23.27389528318957,42.714055318885194,23.274011664372537
531,42.714002339624535,23.27390018074913,42.71405430663923,23.274015749886686
532,42.71400112402246,23.27390507830869,42.71405357630356,23.274019900224193
533,42.71399855555781,23.273909185734183,42.7140528459679,23.2740240505617
534,42.713994887064395,23.27391265069221,42.71405194629059,23.27402811068673
535,42.71399254902174,23.273916912532133,42.71404890927672,23.27403103219975
536,42.713991225531366,23.273921782044557,42.71404594683291,23.274034023266996
537,42.713989902041,23.273926651556984,42.71404324352223,23.27403725603716
538,42.713988329646085,23.273931444972604,42.71404054021154,23.274040488807326
539,42.713986703905825,23.27393622207912,42.71403954378652,23.274044306108642
540,42.71398507816557,23.273940999185633,42.714039697843475,23.274048517398
541,42.71398215418192,23.273945009623695,42.714039851900424,23.27405272868736
542,42.713978755905266,23.273948739971377,42.7140392366388,23.27405675727598
543,42.71397535762861,23.273952470319056,42.71403720559217,23.27406044963853
544,42.71397450551689,23.273957287622498,42.714035305282,23.274064202325864
545,42.713973787175355,23.273962228278283,42.714033813939146,23.274068143720044
546,42.71397171922046,23.273966831249126,42.71403232259629,23.274072085114224
547,42.71396965126556,23.27397143421997,42.71403083125343,23.274076026508403
548,42.71396758674231,23.273976038714707,42.714029643154504,23.27408003135929
549,42.71396555871711,23.27398065941724,42.71402942901977,23.274084240021537
550,42.71396353069193,23.27398528011977,42.71402912352327,23.27408842541528
551,42.71396150875908,23.273989903484498,42.71402729838562,23.274092223778638
552,42.71395949567104,23.273994530714187,42.71402547324798,23.274096022141993
553,42.713957482583,23.273999157943873,42.714024283111435,23.274100056048752
554,42.71395546949496,23.274003785173562,42.71402318968802,23.274104125829684
555,42.71395361113404,23.274008476108836,42.7140220962646,23.274108195610616
556,42.713951782608845,23.274013179328335,42.71402137146816,23.27411233397006
557,42.71395102214726,23.27401811828523,42.714020928126864,23.274116524690776
558,42.71395070109599,23.274023154226466,42.714020484785564,23.274120715411488
559,42.71395012510344,23.2740281357992,42.71401922659378,23.27412471118668
560,42.71394836374046,23.274032864581127,42.71401772530482,23.2741286488031
561,42.713946602377476,23.27403759336305,42.714016224015865,23.27413258641952
562,42.713944906938124,23.274042344350992,42.714013794604895,23.274135988725497
563,42.71394344823117,23.274047175080963,42.71401162132496,23.274139447067093
564,42.71394197852379,23.274052002394534,42.714011383334636,23.274143654447776
565,42.713940443985145,23.274056809573455,42.71401114534431,23.274147861828457
566,42.713938909446505,23.274061616752377,42.71401036850044,23.274151966912935
567,42.71393761120772,23.274066490912393,42.71400904804019,23.274155968797036
568,42.71393639490933,23.27407138829907,42.71400772757995,23.274159970681133
569,42.71393521264764,23.274076292858762,42.714006407119705,23.274163972565233
570,42.71393434909356,23.27408126458406,42.71400649179971,23.2741680959936
571,42.71393348553949,23.27408623630935,42.71400710546457,23.27417226517902
572,42.713932621985414,23.274091208034644,42.71400737549675,23.27417640405037
573,42.71393129479828,23.274096051148,42.71400604140786,23.274180401411805
574,42.713929473718856,23.274100757255496,42.714004707318985,23.274184398773244
575,42.713928141261995,23.27410559610744,42.71400446207731,23.274188602081924
576,42.713927330734364,23.27411057675228,42.714004244095996,23.274192810546698
577,42.71392652020673,23.274115557397113,42.71400412358767,23.27419702221048
578,42.71392535633586,23.274120448813992,42.71400406515824,23.274201235911654
579,42.713923705006984,23.274125217135605,42.7140039081847,23.274205439661127
580,42.71392205367812,23.27412998545722,42.71400312296541,23.274209579965735
581,42.713920402349245,23.27413475377883,42.71400233774611,23.274213720270346
582,42.713919188911206,23.27413965028433,42.71400155252682,23.274217860574957
583,42.71391800824476,23.274144556383064,42.714000794791595,23.274222002750626
584,42.71391743171166,23.274149543435772,42.714001011639134,23.274226211273973
585,42.713917279082395,23.274154587291672,42.71400085113816,23.274230372320606
586,42.71391686823103,23.274159585509313,42.713999598547296,23.274234395964196
587,42.71391528271417,23.2741643761162,42.71399834595643,23.274238419607787
588,42.71391369719731,23.274169166723084,42.71399709336557,23.274242443251374
589,42.71391308588421,23.274174123964944,42.71399620917124,23.274246469567885
590,42.7139129890064,23.2741791691996,42.71399740324581,23.274250510963377
591,42.7139128921286,23.274184214434253,42.71399859732038,23.27425455235887
592,42.713912070495795,23.274189151217158,42.71399867010786,23.274258682549874
593,42.71391068627012,23.274194003814124,42.7139981270093,23.27426286151333
594,42.71390930204444,23.27419885641109,42.71399766988574,23.274267042733943
595,42.71390889817799,23.274203850352183,42.71399799296084,23.274271244437656
596,42.713908855267576,23.27420889633442,42.71399831603595,23.274275446141367
597,42.71390881235716,23.274213942316656,42.71399777257201,23.274279592472798
598,42.71390876944675,23.274218988298895,42.713996917326355,23.27428371888122
599,42.713909509758054,23.27422397770937,42.7139960620807,23.274287845289646
600,42.71391027737802,23.27422896514735,42.713995215205344,23.27429197248083
601,42.71390972592569,23.27423394927051,42.713995290535685,23.274296185913748
602,42.71390893324876,23.274238932787473,42.71399536586602,23.274300399346664
603,42.71390830211731,23.27424392978326,42.713995227347084,23.274304607037465
604,42.71390825796679,23.274248975754798,42.71399492601647,23.274308810356565
605,42.713908213816275,23.274254021726335,42.71399605846395,23.274312853036104
606,42.713908285996034,23.274259065819386,42.713997282520914,23.274316885451775
607,42.71390849304465,23.274264107734588,42.71399818134148,23.274320931138405
608,42.71390870009327,23.27426914964979,42.71399728988451,23.2743250498756
609,42.71390890714189,23.27427419156499,42.71399639842754,23.274329168612795
610,42.713908267000086,23.27427918725538,42.71399550697057,23.274333287349986
611,42.71390751261489,23.274284176712367,42.7139946155136,23.27433740608718
612,42.71390685230433,23.274289173863433,42.713995386471865,23.274341501646937
613,42.71390678594201,23.274294219591734,42.7139963924071,23.27434559393064
614,42.713906719579676,23.274299265320035,42.713996754440245,23.2743497719896
615,42.71390666880643,23.274304311205945,42.71399685485348,23.274353984899378
616,42.71390663313758,23.27430935724457,42.7139978003941,23.274358073115508
617,42.713906819741744,23.274314387472284,42.7139989209538,23.27436213550859
618,42.71390756931516,23.274319377654418,42.7140000415135,23.274366197901674
619,42.71390831888858,23.274324367836552,42.713999669815045,23.27437031811235
620,42.713908217521166,23.274329338475642,42.71399886693789,23.274374455029065
621,42.71390723964589,23.2743342889845,42.713998478648826,23.274378625861225
622,42.71390626177062,23.274339239493365,42.71399859850857,23.27438283826259
623,42.71390528389534,23.274344190002225,42.7139987183683,23.274387050663954
624,42.713906439026246,23.27434887711821,42.713998838228044,23.274391263065315
625,42.7139085503077,23.274353451499252,42.714000271936726,23.274395223607254
626,42.713908818464276,23.274358490533892,42.71400171833038,23.274399181717538
627,42.71390908662086,23.27436352956853,42.714003164724026,23.274403139827818
628,42.713909354777435,23.27436856860317,42.7140033679173,23.274407294191448
629,42.7139100566591,23.274373553799915,42.714003211140636,23.274411505380435
630,42.71391102863934,23.274378505469578,42.71400305436397,23.274415716569422
631,42.71391164185797,23.274383503149743,42.7140044065388,23.274419596406727
632,42.71391195086667,23.27438853984426,42.71400631328781,23.27442335446471
633,42.713912259875364,23.274393576538777,42.71400735047544,23.274427415101005
634,42.71391256888407,23.274398613233295,42.714008188487234,23.274431545043846
635,42.71391221811397,23.274403646601733,42.714009048426284,23.274435670046753
636,42.71391185834025,23.274408679924782,42.714010062333735,23.274439760362544
637,42.71391184783429,23.27441366521841,42.71401107624119,23.274443850678335
638,42.71391355287275,23.274418414599623,42.71401192062084,23.27444797478348
639,42.7139152579112,23.27442316398084,42.71401255241222,23.27445214126056
640,42.71391644046675,23.274428050372254,42.71401318420361,23.27445630773764
641,42.71391728542266,23.274433025292105,42.714013815994996,23.27446047421472
642,42.713918130378566,23.27443800021196,42.714014447786376,23.274464640691797
643,42.71391897533448,23.274442975131812,42.71401507957776,23.274468807168876
644,42.7139184453225,23.274447975760577,42.71401571136915,23.274472973645956
645,42.71391865257511,23.274452869270036,42.714015457635114,23.274469810369585
646,42.71392053622512,23.274457550684424,42.71401507900688,23.27446561330725
647,42.71392241987513,23.274462232098813,42.71401470037864,23.27446141624491
648,42.7139238620825,23.274467028499863,42.71401573597021,23.274464960731283
649,42.71392450166478,23.27447203396813,42.71401686570803,23.27446902058153
650,42.713925141247046,23.274477039436395,42.71401799544586,23.274473080431783
651,42.71392578082932,23.27448204490466,42.71401912518368,23.27447714028203
652,42.71392677382415,23.274486988817838,42.71402019788509,23.27448121093446
653,42.71392786420572,23.274491915768827,42.71402063093445,23.274485402731194
654,42.71392878025129,23.27449687618512,42.71402106398381,23.274489594527928
655,42.71392959168971,23.274501856681653,42.71402149998796,23.274493785895125
656,42.71393040312814,23.274506837178183,42.714022278366095,23.27449792749132
657,42.71393099424944,23.274511842764344,42.71402321071156,23.274502004553113
658,42.71393132341928,23.274516878181434,42.71402561800923,23.274505463398228
659,42.71393165258912,23.27452191359852,42.71402802530691,23.27450892224334
660,42.71393424920965,23.27452611470493,42.714029763567765,23.274512711184016
661,42.713937262249445,23.274530162589468,42.714031043758894,23.274516726131374
662,42.7139393667264,23.27453467776898,42.71403232395002,23.27452074107873
663,42.71394090709264,23.274539483083732,42.71403360414114,23.27452475602609
664,42.713942447458884,23.274544288398484,42.71403488433227,23.274528770973447
665,42.713943843219255,23.27454913608457,42.71403616452339,23.274532785920805
666,42.7139451398167,23.274554012826624,42.71403598043206,23.274532389654734
667,42.713946435545076,23.274558889790093,42.71403460556758,23.27452840613377
668,42.7139476304024,23.274563792452025,42.714033230703116,23.274524422612803
669,42.71394882525972,23.274568695113956,42.714032209736786,23.274521517995584
670,42.71395002011704,23.274573597775888,42.71403346144398,23.27452554191416
671,42.71395108623195,23.27457852609594,42.71403471315117,23.274529565832736
672,42.71395186219557,23.274583512242597,42.71403596485837,23.27453358975131
673,42.71395293533957,23.274588400175485,42.71403721656556,23.27453761366989
674,42.71395528337105,23.27459286677668,42.71403846827275,23.274541637588463
675,42.71395763140252,23.274597333377873,42.714039719979944,23.27454566150704
676,42.713959782238256,23.274601877997007,42.71404097168713,23.27454968542562
677,42.71396112574896,23.274606742023842,42.714041419270956,23.274550718172293
678,42.713962657124355,23.274611543481786,42.71404048455133,23.274546609037245
679,42.71396449836061,23.274616241739665,42.714041378147066,23.274550589816364
680,42.71396633959686,23.274620939997547,42.71404230133989,23.274554701556458
681,42.71396787475335,23.274625727821878,42.714043224532716,23.274558813296554
682,42.71396885674469,23.274630677515912,42.714044147725545,23.274562925036648
683,42.71396983873604,23.274635627209946,42.714045369417406,23.27456693559797
684,42.71397113125287,23.2746404591974,42.714047136666736,23.27457076123797
685,42.71397367699923,23.274644816140533,42.714048903916066,23.27457458687797
686,42.71397624354205,23.27464916023686,42.71404998354587,23.27457865000903
687,42.71397900022298,23.274653386877166,42.71405095396021,23.274582750861086
688,42.713981545029746,23.27465772223828,42.71405254689734,23.274586559984616
689,42.713983371094855,23.274662426413474,42.71405507738639,23.274589929749713
690,42.71398519715997,23.274667130588668,42.71405760787543,23.27459329951481
691,42.713987178639556,23.2746717655304,42.714059702127756,23.274596939439547
692,42.71398945450805,23.274676269328868,42.71406159134713,23.27460070634036
693,42.71399173037655,23.274680773127336,42.71406345824392,23.27460448422197
694,42.713994006245045,23.2746852769258,42.71406528912395,23.274608279820725
695,42.7139966444685,23.27468957414736,42.71406712000398,23.274612075419483
696,42.713999360675814,23.274693826910685,42.714068950884005,23.27461587101824
697,42.7140025162775,23.274697752525963,42.71407122078656,23.27461941955931
698,42.71400581171063,23.27470157403071,42.71407351506456,23.274622954383215
699,42.71400839630457,23.274705832438624,42.714074893227604,23.274626921417642
700,42.71401031760251,23.27471049852824,42.71407616246812,23.274630939840236
701,42.71401223890044,23.274715164617856,42.71407864216605,23.27463427609687
702,42.71401397306905,23.274719901977775,42.7140814223102,23.27463744303389
703,42.71401564256221,23.274724663970073,42.71408380914266,23.274640906828573
704,42.71401731205536,23.274729425962374,42.714086092554304,23.2746444486816
705,42.71401958842308,23.27473391542821,42.71408837596595,23.274647990534625
706,42.714022038425796,23.27473832692056,42.71409062796597,23.274651547398623
707,42.714024845828135,23.274742483290435,42.714091949398885,23.27465554896165
708,42.71402822200135,23.27474623365474,42.714093270831796,23.274659550524678
709,42.71403159817457,23.274749984019046,42.714094875875325,23.274663429273
710,42.71403520267186,23.274753515203514,42.7140968901845,23.274667130792977
711,42.714038757423516,23.274757084635993,42.71409890449368,23.274670832312953
712,42.71404133007434,23.274761425747116,42.71410129351284,23.274674294908976
713,42.714043902725166,23.274765766858238,42.714103799612786,23.274677682851515
714,42.71404647537599,23.274770107969356,42.71410671785296,23.274680686237748
715,42.71404933956044,23.27477413333853,42.71410992435376,23.274683420656192
716,42.71405387168229,23.274776352268354,42.71411313085456,23.274686155074637
717,42.71405735903404,23.274779532570687,42.71411482524656,23.274689896900906
718,42.714059194147076,23.274784233223638,42.71411684828711,23.274693519665867
719,42.71406141950439,23.27478863258751,42.71411944670699,23.27469683733157
720,42.71406550269363,23.274791597607518,42.71412204512687,23.274700154997277
721,42.71406958588287,23.27479456262753,42.71412441482957,23.274703626918974
722,42.71407322158766,23.27479797374291,42.71412651718602,23.27470727914966
723,42.71407617389869,23.27480206613068,42.71412948265914,23.2747102365615
724,42.71407912620972,23.274806158518444,42.71413260165287,23.274713070387484
725,42.714080915854495,23.274810842130954,42.714135727317945,23.274715896654797
726,42.71408248358883,23.274815638586634,42.714138926662145,23.27471863944321
727,42.71408551888519,23.274819135830185,42.714142126006344,23.274721382231625
728,42.7140900898754,23.274821273545452,42.714145059071136,23.274724364438786
729,42.714094660865605,23.274823411260723,42.714147447510065,23.27472783633324
730,42.71409704413317,23.27482779919292,42.71414983594899,23.274731308227697
731,42.71409930971104,23.274832308176727,42.714152294127665,23.274734730927662
732,42.714101753406496,23.27483671508301,42.714154763548535,23.27473814569737
733,42.71410449846436,23.274840949281323,42.71415737455648,23.27474140326882
734,42.71410724352222,23.27484518347964,42.714161028078955,23.274743503379554
735,42.714110932339665,23.274848600190058,42.71416442393243,23.274745908042565
736,42.714114731634176,23.274851921204853,42.7141671001594,23.27474916326926
737,42.71411855020467,23.27485521956433,42.71416977638637,23.27475241849595
738,42.71412243679179,23.274858437982978,42.71417256418076,23.274755578237183
739,42.71412632337891,23.274861656401626,42.71417536713054,23.27475872500762
740,42.71413004484535,23.274865061175326,42.714178646433844,23.274761354770483
741,42.714133707762926,23.27486853202722,42.714182011722706,23.27476389120941
742,42.714137521517586,23.27487179326522,42.7141852098456,23.274766616015707
743,42.7141419762133,23.274874163806114,42.71418812824905,23.274769656017842
744,42.71414641202246,23.274876569351,42.71419104665249,23.274772696019973
745,42.71415083912984,23.274878991023623,42.71419428144174,23.274775371916228
746,42.71415523690875,23.274881452010607,42.714197698999,23.274777837477824
747,42.71415881958623,23.274885005628494,42.71420102054166,23.27478042666535
748,42.71416252038485,23.27488842859913,42.714204255271504,23.274783127630812
749,42.714166415910036,23.274891636193495,42.71420786571317,23.27478517371151
750,42.71417031143521,23.27489484378786,42.71421177669381,23.274786703695927
751,42.71417459934489,23.274897410768606,42.71421518677426,23.274789179588264
752,42.71417922670507,23.274899423556672,42.71421859685472,23.274791655480605
753,42.71418360404648,23.274901839523178,42.71422200693518,23.274794131372946
754,42.71418746397437,23.27490508986697,42.71422499069107,23.27479710112161
755,42.714191323902256,23.274908340210757,42.71422823829612,23.27479976582275
756,42.71419433841716,23.274912382766143,42.714231644168535,23.27480224750055
757,42.71419733137736,23.274916445519793,42.71423505004095,23.27480472917835
758,42.714201778709366,23.274918213504925,42.71423895221587,23.274806265152062
759,42.71420673031079,23.274919185832704,42.71424289490687,23.274807749953013
760,42.71421158498289,23.274920403599182,42.71424680443356,23.27480932294147
761,42.7142158648035,23.274923076970378,42.71425071396024,23.274810895929924
762,42.71422005676779,23.274925871006726,42.7142544628346,23.27481279178988
763,42.71422391521398,23.27492912310929,42.714258075400636,23.274814961595922
764,42.71422845956858,23.27493090310912,42.71426122050821,23.27481775873168
765,42.7142334315099,23.27493176541854,42.71426433275828,23.274820599962244
766,42.714238403451226,23.274932627727956,42.71426842143561,23.27482150788905
767,42.71424211070127,23.274936032153686,42.71427255529686,23.27482232635272
768,42.714245797563805,23.274939477559712,42.714276689158105,23.274823144816384
769,42.714249712066895,23.27494219436856,42.71427997626016,23.27482561974492
770,42.714254704616614,23.274941460730133,42.714283184943255,23.274828284775882
771,42.714259615711484,23.27494091406114,42.714287165837746,23.27482966722684
772,42.714262478162446,23.27494506979844,42.71429114673224,23.274831049677797
773,42.71426534061341,23.274949225535742,42.714295305469115,23.27483098875014
774,42.71427004152978,23.274950711779525,42.71429909338093,23.274831839482836
775,42.71427494477641,23.274951904235152,42.71430222233338,23.27483466230911
776,42.71427962526399,23.27495365118916,42.71430535128583,23.274837485135386
777,42.71428399074499,23.274956182266738,42.71430906676255,23.274837675841933
778,42.714288452007686,23.274958213688297,42.714313098207484,23.27483644859159
779,42.7142934440194,23.274957476397915,42.71431712965241,23.274835221341245
780,42.71429828277193,23.274957820387215,42.714320320582324,23.27483751427043
781,42.71430287326725,23.274959915889717,42.714323362692014,23.274840430476914
782,42.71430746376257,23.274962011392216,42.71432743818701,23.27484134096153
783,42.71431239274014,23.274962571618754,42.71433157864911,23.274842125349988
784,42.71431743882108,23.274962600691936,42.7143357445144,23.274842387980307
785,42.71432248071387,23.274962798274228,42.71433994159256,23.274842009527468
786,42.71432752200875,23.274963019913464,42.7143438092577,23.274843067541426
787,42.71433241699094,23.274964036001045,42.714347422051915,23.27484523696752
788,42.714337206481474,23.274965624886956,42.714351035067,23.27484740483969
789,42.7143421573093,23.274966558682532,42.71435510927286,23.27484632802113
790,42.71434714697431,23.274967275643853,42.714359208303456,23.274845561339983
791,42.7143521894486,23.274967468597698,42.714363401923016,23.274845976366002
792,42.714357231922875,23.274967661551546,42.71436759991635,23.274846329250238
793,42.714361760947774,23.274969459250716,42.71437181032559,23.27484650573159
794,42.714365978885034,23.27497222922965,42.71437602073482,23.27484668221294
795,42.71437042596382,23.274972606853762,42.71437911438845,23.274849487323852
796,42.714375093011945,23.274970687885325,42.714382167387825,23.274852380572174
797,42.71437977200006,23.27496895238612,42.714386122923045,23.27485092715113
798,42.7143846483981,23.274970250276763,42.714390078458266,23.27484947373009
799,42.714389524796154,23.2749715481674,42.714394033993486,23.274848020309047
