x_m,y_m,speed_kmh,time_s
2.406338,3.786237,254.87914948807665,0.0
-0.400302,7.923054,256.60540056506306,0.07036995954304039
-3.209563,12.058092,258.27717906263945,0.1402755091658647
-6.02127,16.191466,259.8970260804692,0.20973698050431172
-8.83525,20.323294,261.4673081538488,0.2787734430112001
-11.651329,24.453691,262.9902315630255,0.34740272650160875
-14.469333,28.582775,264.467858670566,0.41564159987290616
-17.289089,32.710663,265.9021199212332,0.48350582434542455
-20.110424,36.837473,267.2948256145836,0.5510102499808709
-22.933163,40.963321,268.6476751068635,0.6181688404434315
-25.757136,45.088325,269.9622679429552,0.6849948366869326
-28.582168,49.212604,271.2401102074557,0.7515007291440007
-31.408086,53.336276,272.48262251304754,0.8176983426744137
-34.234719,57.459458,273.6911466013675,0.8835988853349307
-37.061893,61.582269,274.8669512180726,0.9492129880449844
-39.889436,65.704827,276.01123759439156,1.0145507495911679
-42.717175,69.827251,277.1251443229323,1.0796217727896182
-45.544938,73.949658,278.20975150776906,1.1444351807342863
-48.372552,78.072167,279.26608530222177,1.2089996758573465
-51.199845,82.194896,280.29512129562073,1.2733235507185103
-54.026645,86.317964,281.2977881128655,1.3374147279497717
-56.852778,90.441489,282.2749699407633,1.401280748562965
-59.678072,94.565588,283.22750984084416,1.4649288232094213
-62.502354,98.690381,284.15621263991653,1.5283658728111098
-65.325452,102.815984,285.0618464386901,1.5915984883686796
-68.147192,106.942516,285.9451455998749,1.6546330003647132
-70.967403,111.070093,286.806812385536,1.717475467977628
-73.785909,115.198835,287.64751906584763,1.780131710103981
-76.602539,119.328856,288.4679092191609,1.842607286615958
-79.417119,123.460275,289.2686001166988,1.9049075686783965
-82.229475,127.593209,290.05018353002055,1.9670376997261834
-85.039433,131.727772,290.8132270240546,2.0290025968256717
-87.846819,135.864083,291.5582762761231,2.090807043351766
-90.651459,140.002256,292.28585499997473,2.1524555963829792
-93.453179,144.142407,292.7955384189993,2.2139737870842655
-96.251803,148.284651,289.11005570652037,2.2758277140754117
-99.047157,152.429102,285.3769813009804,2.3384803785285513
-101.839065,156.575876,281.5944216600383,2.4019635600065956
-104.627352,160.725085,277.76035603622677,2.4663111729723317
-107.411844,164.876842,273.8726206976376,2.5315595316146786
-110.19238,169.03125,269.9288964926343,2.597747558551703
-112.968803,173.188407,265.9266934101415,2.6649170439572507
-115.740956,177.348413,261.8633293113306,2.7331130025097865
-118.50868,181.511367,257.7359117570313,2.802383978385261
-121.271818,185.677366,253.5413128143867,2.872782468080243
-124.03021,189.846509,249.27614080851282,2.944365394507419
-126.783699,194.018892,244.93670891119908,3.0171946341754463
-129.532124,198.194613,240.51899755429542,3.091337648009877
-132.275326,202.373766,236.01861235105582,3.1668681875646225
-135.013146,206.556447,231.43072936669358,3.243867213553213
-137.745422,210.742752,226.75003745502457,3.3224238636202794
-140.471994,214.932774,221.9706660397512,3.4026366643974817
-143.1927,219.126607,217.08609766906332,3.484614999110813
-145.907379,223.324344,212.08906372218996,3.568480857950859
-148.615869,227.526077,206.97141852806632,3.6543709507552835
-151.318007,231.731898,201.72398258130886,3.742439338335141
-154.013631,235.941897,196.3363496595548,3.832860669649195
-156.702584,240.15616,190.7966436383071,3.925834263211433
-159.384725,244.374761,185.09121133269056,4.021589262167097
-162.059915,248.597774,179.2042230572918,4.1203913381478925
-164.72798,252.825292,173.1171587554921,4.222551315629021
-167.388691,257.057442,166.80811689696077,4.3284367707907965
-170.042094,261.294178,160.25088128044024,4.438487693486674
-172.688747,265.535134,153.4136304860595,4.553238146669869
-175.329424,269.779812,146.25710125755762,4.673347090584036
-177.964929,274.027706,138.73188638795258,4.7996437326931405
-180.592873,278.280279,130.77436266713897,4.9331958694569185
-183.187328,282.553311,122.3002519371936,5.075417951961921
-185.681275,286.885672,113.19366985125062,5.228254881999759
-188.013134,291.307276,103.28748234087412,5.394511691983627
-190.128382,295.836318,92.32481814370038,5.578499485111641
-191.968298,300.48383,79.87189059212355,5.7874985584197844
-193.467023,305.252142,79.87189059212355,6.012782699895492
-194.563374,310.128114,79.87189004527504,6.2380402953168534
-195.189411,315.085263,79.87188949855616,6.463244496354723
-195.259628,320.079899,79.87188949855616,6.688385863174474
-194.661836,325.036231,79.87188949855616,6.913397542298374
-193.308638,329.839722,79.87188949855616,7.138328350317541
-191.065395,334.288033,79.87188895343428,7.362874710378092
-187.87439,338.139677,79.87188895343428,7.588315248974889
-183.935511,341.178875,79.87188856850422,7.812553263845273
-179.345376,343.16675,79.87188884216864,8.03800872492433
-174.491621,344.334419,93.04202303831721,8.245881393395589
-169.513078,344.737129,103.5468353344455,8.428814384591945
-164.522931,344.481367,113.75524381165626,8.594372941646286
-159.597625,343.642748,123.45876948109404,8.746019010896667
-154.77214,342.342205,134.4224733549713,8.885553132716444
-150.05253,340.69776,145.0447941377274,9.014315323783444
-145.414862,338.833615,154.06603178758067,9.134631125025615
-140.826744,336.849692,161.95163811201022,9.248518675597015
-136.266306,334.802017,168.97967355430603,9.35728205580255
-131.721503,332.7199,175.33119212929654,9.461818751264355
-127.18831,330.612635,181.13244754617233,9.562791435742525
-122.666357,328.481346,186.4752752328827,9.66070321061243
-118.155704,326.326251,191.42887726132344,9.755947216434858
-113.656425,324.147506,196.04692356705354,9.848838480863174
-109.168592,321.945281,200.37199879094837,9.939634136928309
-104.692277,319.719739,204.43855496064018,10.028547607419345
-100.227548,317.471042,208.2749237115909,10.115758518465388
-95.774476,315.19935,211.9047275113373,10.201419764263461
-91.333129,312.904821,215.3479061130118,10.285662911272654
-86.903572,310.587612,218.6214699924926,10.368602198960003
-82.485872,308.247879,221.74006454572438,10.450337549696938
-78.080092,305.885776,224.71640776288837,10.530957071926267
-73.686355,303.501348,227.56162365847672,10.61053887884954
-69.304865,301.094489,230.28550991387482,10.68915268377265
-64.935842,298.665075,232.89674640757963,10.766860966386634
-60.579505,296.212984,235.4030680847961,10.84372006883132
-56.236078,293.738098,237.81139974574913,10.919780932000625
-51.905788,291.240299,240.1279713570531,10.995089847044298
-47.588864,288.719469,242.35841209555298,11.069689049435782
-43.285538,286.175495,244.50782687927108,11.143617158816737
-38.996046,283.608264,246.580862755661,11.21690962119391
-34.720628,281.017664,248.5817641021992,11.289599058437487
-30.459523,278.403586,250.51442098293109,11.361715621405983
-26.212978,275.765923,252.38240652749676,11.43328715050818
-21.981241,273.104568,254.18901432124244,11.50433950750433
-17.764562,270.419419,255.93728686078435,11.574896724906322
-13.563196,267.710373,257.63004171698753,11.644981190976363
-9.377401,264.97733,259.26989395650094,11.714613797994783
-5.207437,262.220192,260.85927633154245,11.783814097433122
-1.053569,259.438864,262.40045562039046,11.852600378124595
3.083935,256.633251,263.89554899520505,11.92098981990894
7.204803,253.80326,265.3465369105521,11.988998562658752
11.308765,250.948808,266.75527521548383,12.05664179698891
15.395525,248.069782,268.1235058020948,12.123933839930094
19.464687,245.165935,269.45286643036695,12.190888219027105
23.515771,242.23692,270.744898481646,12.257517696593027
27.548289,239.282397,272.0010550299802,12.323834345405501
31.561747,236.302035,273.2227078654121,12.38984960699114
35.555641,233.295507,274.4111536592133,12.455574336215653
39.529461,230.262495,275.56761965495633,12.521018848361624
43.482685,227.202687,276.6932680944755,12.58619292048764
47.414784,224.115779,277.7892015409783,12.651105865190447
51.325219,221.001474,278.85646670943106,12.71576654182003
55.213447,217.859487,279.89605867102364,12.780183408301633
59.078891,214.68951,280.90892411343344,12.844364534934137
62.920786,211.491038,281.8959634154982,12.908317556604244
66.738025,208.263185,282.8580355663403,12.972049819441596
70.529983,205.005659,283.7959619049471,13.035568479333266
74.298157,201.720638,284.71052460938853,13.09888026020866
78.045938,198.412392,285.6024669615251,13.161991314588727
81.775817,195.08399,286.4725045397875,13.224907866288778
85.487426,191.735214,287.321324274242,13.287636051586553
89.179016,188.364379,288.14957972594794,13.350181459383121
92.849557,184.970634,288.95789797855593,13.412549513343818
96.498716,181.553904,289.74688077180804,13.474745459316315
100.126373,178.114352,290.51710481086633,13.5367742906536
103.732756,174.6525,291.26912401260597,13.598640828974055
107.318326,171.169094,292.00347062026316,13.660349726277538
110.883547,167.664864,292.7206558808953,13.721905434948747
114.428894,164.140526,293.4211718460558,13.783312277278629
117.954852,160.596789,294.10549162085294,13.844574389854044
121.461913,157.03435,294.77407058780017,13.905695754158574
124.950581,153.453896,295.4273476265898,13.966680235084219
128.421366,149.856104,296.0657454243135,14.027531541611289
131.874791,146.241645,296.6896715741239,14.088253262812538
135.311376,142.611173,297.29951896114136,14.148848841263185
138.731686,138.965364,297.8956670735959,14.209321640261724
142.136499,135.305077,298.47848214746426,14.269674902021062
145.526781,131.631326,299.0483177270542,14.329911747356862
148.903515,127.945118,299.6055153733956,14.390035194232965
152.267691,124.247445,300.1504052258525,14.450048165287313
155.62031,120.539291,300.68330636805496,14.509953476903224
158.962385,116.821629,301.2045277363499,14.569753891639465
162.294932,113.095425,301.71436773722667,14.629452028421236
165.618981,109.361637,302.21311564965015,14.6890504769713
168.935564,105.621216,302.70105123819155,14.748551710691247
172.245723,101.875108,303.1784456444412,14.807958149619022
175.550495,98.124247,303.64556139935985,14.867272121714063
178.850894,94.369538,304.10265297526513,14.926495891070326
182.14792,90.611867,304.5499670786978,14.98563165726655
185.442577,86.852118,304.9877429765714,15.04468156082866
188.73587,83.091174,305.4162126413164,15.10364766610282
192.028806,79.329918,305.83560112129317,15.162531975250758
195.322394,75.569232,306.2461269559515,15.221336451992254
198.617639,71.809999,306.6480020603934,15.280062972185947
201.915548,68.053102,307.04143244252964,15.33871339386344
205.217126,64.299429,307.42661799560943,15.39728949669542
208.523375,60.54987,307.80375293563037,15.455793015298081
211.835292,56.805316,308.1730260415061,15.5142256467945
215.153873,53.066667,308.5346206811993,15.572589025943758
218.480107,49.334825,308.8887151769278,15.630884754236348
221.814978,45.6107,309.2354828327857,15.68911437704631
225.159463,41.895206,309.5750922998871,15.747279416898904
228.514611,38.189339,309.90770747961926,15.805381331191816
231.881814,34.494421,310.2334879965695,15.86342156728575
235.262487,30.811819,310.55258924504665,15.921401547854616
238.657103,27.142067,310.8651620295153,15.9793225800375
242.065765,23.485361,311.17135334603375,16.037185970281506
245.488541,19.841872,311.4713061143082,16.094992952008177
248.925518,16.211785,311.76515980460715,16.152744781234137
252.37724,12.595719,312.05305047037945,16.210442725524445
255.845577,8.99558,312.3351107867622,16.268088053330402
259.33342,5.414332,312.6114694988377,16.32568189960707
262.843695,1.855069,312.88225203533364,16.383225363823644
266.378967,-1.679364,313.14758069305697,16.44071952794568
269.941415,-5.186404,313.40757486906614,16.498165487871624
273.533062,-8.663531,313.6623507235294,16.555564260972858
277.155876,-12.108173,313.91202176918375,16.612916896058117
280.811756,-15.517698,314.156698472735,16.67022436586376
284.502565,-18.889375,314.39648856489754,16.72748761646141
288.229878,-22.220651,314.6314973648357,16.784707626943717
291.994733,-25.509441,314.86182759881234,16.841885351206304
295.797933,-28.753812,315.0875793231926,16.89902167959977
299.640253,-31.951754,315.30885013908505,16.95611747197244
303.522444,-35.101168,315.5257352773554,17.013173561326823
307.445145,-38.199982,315.738328027931,17.07019085087531
311.407748,-41.247609,315.94671922910385,17.127170166020036
315.408097,-44.245491,316.150996777212,17.184112094741963
319.443691,-47.195714,316.35124691661343,17.241017316163937
323.511935,-50.100723,316.54755464748735,17.297886713687284
327.608268,-52.966083,316.74000521619763,17.35472182085993
331.726575,-55.799934,316.9286805730571,17.411523803269993
335.861779,-58.609089,317.11365617646857,17.468292424855413
340.008957,-61.400496,317.29500775028663,17.525028010478213
344.162466,-64.182382,317.47280947833093,17.58173091447314
348.317057,-66.962381,317.64713142763964,17.638400673682725
352.466192,-69.750524,317.8180509434357,17.695039692208674
356.595182,-72.568723,317.9856438207167,17.751650527572615
360.681927,-75.447788,318.1499715108304,17.808231480533678
364.707418,-78.411737,318.31109903352757,17.86478245016535
368.661707,-81.469991,318.4690941645704,17.92130479376239
372.539479,-84.624608,318.6240198812993,17.977798702805387
376.331518,-87.881741,318.775939903074,18.034265134288734
380.021389,-91.254144,318.92491550942964,18.090704668113712
383.58995,-94.754594,319.07100582325273,18.1471175662942
387.022184,-98.388796,319.21427040589384,18.20350475148578
390.31018,-102.153992,319.3547667144521,18.259866839539203
393.45102,-106.042766,319.49255029145155,18.316204174107746
396.4439,-110.046547,319.62767677373023,18.372517625505974
399.290747,-114.155478,319.76019992703016,18.42880779544459
401.994998,-118.35966,319.890172082255,18.485075167099176
404.560699,-122.649828,320.0176443475047,18.541320175403815
406.992459,-127.017334,320.14266668771086,18.597543226873018
409.295764,-131.453946,320.2652880286204,18.65374473341925
411.476777,-135.951962,320.385556436779,18.709925185995935
413.541585,-140.504524,320.50351896549216,18.76608507792564
415.495005,-145.106006,320.61922138681507,18.822224763931697
417.340989,-149.751638,320.7327082482909,18.878344463816482
419.086807,-154.435859,320.8440239546163,18.93444478415023
420.745158,-159.151772,320.9532113277128,18.990526005740325
422.33039,-163.89277,321.0603122930619,19.046588400347815
423.856592,-168.653111,321.165368227995,19.10263240552823
425.337993,-173.427579,321.2684191795239,19.15865820522148
426.788526,-178.211517,321.36950482121665,19.21466622508305
428.220193,-183.001158,321.4686642790672,19.270657047654705
429.643639,-187.79326,321.5659352129502,19.32663088831192
431.069577,-192.584628,321.66135464557857,19.382588035330038
432.50878,-197.372033,321.75495887340946,19.43852879402009
433.971967,-202.152162,321.8467833915664,19.494453432814197
435.469762,-206.921559,321.93686303348665,19.550362256579977
437.012626,-211.676559,322.0252318031425,19.60625549431028
438.610804,-216.41325,322.11192320872976,19.66213349720714
440.274422,-221.127342,322.19696984244104,19.717996464857777
442.012466,-225.814456,322.2804032324549,19.773844321846855
443.829706,-230.47141,322.362255154741,19.829677577106313
445.726774,-235.096419,322.4425567885318,19.88549678429636
447.702811,-239.688254,322.52133842624903,19.9413023302213
449.755946,-244.246156,322.59862967960436,19.9970945572387
451.884094,-248.769535,322.6744594105636,20.052873698435377
454.084998,-253.257968,322.7488557862795,20.10863989879855
456.355728,-257.711489,322.8218465814188,20.16439342859612
458.692556,-262.13069,322.893458958889,20.22013451579558
461.091807,-266.516318,322.9637195525732,20.275863398409648
463.549921,-270.869233,323.03265448954164,20.33158033433434
466.063464,-275.190378,323.1002892668029,20.38728549264938
468.628879,-279.480935,323.1666490025528,20.44297914692181
471.241765,-283.742755,323.2317582637999,20.49866152894447
473.897247,-287.978166,323.29564106038583,20.554332810428413
476.590492,-292.189668,323.3583209996938,20.60999322573457
479.316337,-296.380141,323.4198211317663,20.665642928971415
482.069295,-300.552844,323.48016405639635,20.721282076213885
484.845281,-304.710275,323.5393721787043,20.77691105722791
487.642724,-308.853319,323.5974673277961,20.832530143977884
490.460961,-312.982248,323.6544706391041,20.88813935526471
493.299051,-317.097553,323.7104029712498,20.943738838155394
496.155469,-321.200155,323.7652848146494,20.999328779579514
499.028526,-325.291122,323.81913627802965,21.054909387741052
501.916682,-329.371443,323.8719770422207,21.110480836964644
504.818442,-333.442101,323.923826409522,21.166043308753224
507.732318,-337.504095,323.9747032927293,21.22159697200029
510.65683,-341.558438,324.0246262323547,21.277141992461758
513.590508,-345.606154,324.0736134108155,21.332678540117715
516.531889,-349.648277,324.1216826533414,21.388206782224145
519.479512,-353.685849,324.1688514104817,21.443726854072224
522.431926,-357.71992,324.2151368291123,21.499238932759113
525.38768,-361.751544,324.2605556905918,21.55474315733918
528.345328,-365.781779,324.3051244639356,21.61023968306981
531.303424,-369.811684,324.3488592809681,21.66572864320955
534.260525,-373.84232,324.39177598306975,21.721210199119138
537.215187,-377.874745,324.4338900877024,21.776684490670927
540.165962,-381.910014,324.4752167973611,21.832151637989533
543.111404,-385.949178,324.5157710447303,21.887611793191553
546.05006,-389.993281,324.55556745000735,21.94306507588474
548.980474,-394.04336,324.5946203622614,21.99851162065342
551.901186,-398.100441,324.63294384927246,22.05395155574732
554.810727,-402.165542,324.6705517140692,22.10938501879137
557.707619,-406.239664,324.7074574599192,22.164812097061933
560.590381,-410.323796,324.74367436704335,22.22023293206823
563.457586,-414.418865,324.77921544871583,22.275647648376918
566.307888,-418.525717,324.8140934599041,22.331056357696834
569.139934,-422.645179,324.84832090959515,22.386459169653545
571.952361,-426.77806,324.88191006950433,22.44185619805142
574.743792,-430.925151,324.91487297353336,22.497247552473947
577.512836,-435.087222,324.9472214164516,22.552633327739585
580.258087,-439.265024,324.97896697597366,22.608013633163
582.978126,-443.459284,325.01012100680754,22.66338857554951
585.671516,-447.670708,325.04069465311494,22.718758273688355
588.336799,-451.899971,325.070698801556,22.774122765025847
590.972502,-456.147731,325.1001441875657,22.82948218994546
593.577459,-460.414418,325.1290413326472,22.88483667382358
596.151117,-464.700057,325.1574005260133,22.940186281876453
598.69304,-469.004589,325.1852318486722,22.99553105353921
601.202767,-473.327969,325.2125452295425,23.05087110611797
603.67985,-477.67013,325.23935038408194,23.1062065079354
606.123498,-482.03119,325.2656568517793,23.16153734478357
608.532179,-486.411661,325.291474017645,23.216863760030332
610.905055,-490.811636,325.3168110793987,23.27218588075702
613.242898,-495.230325,325.34167701450497,23.32750373504087
615.54678,-499.666817,325.3660806588562,23.382817413183737
617.817692,-504.120275,325.39003066807726,23.43812697680994
620.056343,-508.59004,325.4135355557079,23.493432538374222
622.263093,-513.075643,325.4366036551408,23.54873416719337
624.438292,-517.576632,325.459243139723,23.60403192678625
626.582294,-522.092566,325.4814620315516,23.659325888691253
628.695455,-526.623015,325.50326820143596,23.714616125628762
630.778138,-531.167556,325.52466936626894,23.76990269730301
632.830712,-535.725776,325.54567310252605,23.82518567719043
634.85355,-540.297271,325.56628684208147,23.880465135155834
636.847034,-544.881643,325.5865178727631,23.935741131125788
638.811545,-549.478503,325.6063733368656,23.991013702528768
640.747476,-554.08747,325.62586025170305,24.04628291302582
642.655474,-558.708072,325.64498551449714,24.1015488617543
644.536577,-563.339691,325.66375588268943,24.156811621266236
646.391871,-567.981708,325.68217797120434,24.212071219249683
648.222446,-572.633528,325.7002582818489,24.267327716693877
650.029399,-577.294576,325.71800319894805,24.3225811901456
651.813835,-581.964291,325.73541897620686,24.37783168409028
653.576862,-586.64213,325.7525117497184,24.433079242520265
655.319598,-591.327567,325.7692875485496,24.488323936416
657.043163,-596.020091,325.7857522837239,24.54356582199701
658.748685,-600.719202,325.8019117483907,24.59880493249219
660.437298,-605.424417,325.8177716390511,24.65404134254193
662.110176,-610.135249,325.83333753316555,24.70927508537012
663.768533,-614.851212,325.8486149080156,24.764506209660087
665.41359,-619.571832,325.8636091425067,24.81973478039086
667.04657,-624.296643,325.8783255057135,24.874960830075683
668.668703,-629.02519,325.89276917549137,24.930184419499387
670.281224,-633.757022,325.90694522188005,24.985405568491146
671.885407,-638.491689,325.9208586351927,25.040624356208482
673.482642,-643.228704,325.93451429748944,25.09584080418844
675.074446,-647.967547,325.9479170066424,25.151054962668784
676.662302,-652.707712,325.9610714623733,25.20626684750369
678.247264,-657.448847,325.97398229233045,25.261476541155584
679.829698,-662.190828,325.9866540277042,25.316684085574423
681.409622,-666.933646,325.9990911109483,25.37188950526866
682.987029,-671.677302,326.0112979052645,25.427092841318462
684.562188,-676.421705,326.0232786912345,25.482294130245826
686.135936,-681.166576,326.03503766910535,25.537493407086764
687.70915,-685.911624,326.04657896143516,25.59269071069796
689.282071,-690.656769,326.0579066131446,25.647886077169
690.854722,-695.402004,326.0690245949093,25.703079549197696
692.427111,-700.147325,326.0799367989284,25.75827114811349
693.999245,-704.892732,326.09064705219106,25.81346093301835
695.57113,-709.63822,326.10115909919574,25.86864890648241
697.142774,-714.383788,326.11147662388595,25.923835119290693
698.714184,-719.129434,326.1216032385887,25.9790196076401
700.285367,-723.875155,326.13154248619094,26.034202396624558
701.856331,-728.620949,326.14129784591324,26.089383524674584
703.427082,-733.366813,326.1508727288886,26.144563012203463
704.997627,-738.112745,326.16027048501655,26.199740892984654
706.567973,-742.858743,326.1694944016117,26.254917200214173
708.138129,-747.604804,326.17854770400527,26.3100919629765
709.7081,-752.350926,326.187433556786,26.365265206412012
711.277894,-757.097106,326.19615506550997,26.420436955038195
712.847519,-761.843343,326.20471528107834,26.4756072537932
714.41698,-766.589634,326.21311719256255,26.530776115739368
715.986286,-771.335976,326.22136373548483,26.58594356728564
717.555443,-776.082367,326.22945779065003,26.641109634420776
719.124459,-780.828805,326.23740218616126,26.69627434956735
720.69334,-785.575287,326.2451996948998,26.751437727258555
722.262095,-790.321811,326.2528530410577,26.8065998024191
723.830729,-795.068375,326.26036489611,26.86176059565565
725.39925,-799.814977,326.26773788318883,26.916920137505862
726.967666,-804.561613,326.2749745737769,26.97207843710482
728.535983,-809.308282,326.28207749473694,27.027235527654526
730.104208,-814.054981,326.28904912360645,27.0823914244347
731.672345,-818.80171,326.29589189447023,27.13754616334836
733.240398,-823.548466,326.30260819219325,27.192699748457215
734.808369,-828.295249,326.3092003603152,27.24785220792573
736.376263,-833.042058,326.31567069872017,27.303003569426686
737.944082,-837.788891,326.3220214620674,27.35815383938696
739.51183,-842.535748,326.32825486632555,27.413303051723005
741.07951,-847.282627,326.3343730834624,27.468451215565487
742.647125,-852.029528,326.3403782474123,27.523598360628185
744.21468,-856.776448,326.3462724497594,27.57874449175715
745.782177,-861.523388,326.35205774660454,27.63388964496684
747.349619,-866.270346,326.3577361528572,27.689033827958912
748.917011,-871.01732,326.3633096467488,27.7441770550121
750.484354,-875.764311,326.36878017152327,27.799319357659865
752.051653,-880.511316,326.374149631518,27.8544607390439
753.618912,-885.258334,326.379419897449,27.909601219474354
755.186132,-890.005365,326.38459280528264,27.964740819045385
756.753318,-894.752408,326.3896701571854,28.019879560899287
758.320473,-899.49946,326.3946537193115,28.075017440011113
759.887601,-904.246522,326.3995452291582,28.130154496410434
761.454704,-908.993592,326.4043463885136,28.185290731497957
763.021786,-913.740669,326.4090588691365,28.240426163776327
764.58885,-918.487751,326.41368431057805,28.295560797536016
766.1559,-923.234838,326.41822432402626,28.350694661194918
767.722939,-927.981929,326.4226804895872,28.405827768969232
769.289971,-932.729023,326.4270543583299,28.46096013826639
770.856998,-937.476118,326.4313474511845,28.516091768846287
772.424024,-942.223213,326.435561262263,28.571222677599994
773.991053,-946.970307,326.4396972579544,28.626352881167378
775.558087,-951.7174,326.4437568777045,28.681482399500226
777.125131,-956.464489,326.4477415327211,28.73661123126297
778.692187,-961.211574,326.4516526095995,28.79173939592887
780.259259,-965.958654,326.4554914689555,28.846866909180193
781.82635,-970.705728,326.4592594459359,28.901993783014177
783.393463,-975.452795,326.462957850943,28.95712002920428
784.960602,-980.199852,326.4665879689433,29.012245641818666
786.52777,-984.946901,326.4701510643175,29.067370663610173
788.094971,-989.693938,326.47364837413915,29.122495077749498
789.662208,-994.440964,326.4770811157068,29.177618916099256
791.229484,-999.187977,326.4804504817754,29.232742178905422
792.796802,-1003.934975,326.4837576430415,29.28786486621505
794.364166,-1008.681959,326.4870037506058,29.342987012748683
795.93158,-1013.428926,326.49018993174883,29.39810861115268
797.499046,-1018.175876,326.49331729432123,29.453229678382407
799.066567,-1022.922808,326.49638692524564,29.50835022419517
800.634148,-1027.66972,326.4993998911247,29.563470254612195
802.201792,-1032.416611,326.50235723901466,29.618589779032686
803.769502,-1037.163481,326.5052599971379,29.673708817151248
805.337281,-1041.910327,326.50810917302823,29.728827357082512
806.905132,-1046.65715,326.5109057577539,29.78394542865197
808.473059,-1051.403948,326.5136507225875,29.839063033570067
810.041066,-1056.150719,326.5163450208446,29.89418017338689
811.609155,-1060.897463,326.51898958888955,29.94929686351633
813.177331,-1065.644179,326.5215853457349,30.004413119123136
814.745595,-1070.390865,326.52413319224564,30.059528930917207
816.313952,-1075.13752,326.5266340137654,30.114644313762966
817.882406,-1079.884144,324.27497936343684,30.16995018501267
819.450958,-1084.630735,320.95117890450115,30.225733952556613
821.019613,-1089.377292,317.59259472403767,30.282101499740758
822.588375,-1094.123814,314.1981111640368,30.339071550795946
824.157245,-1098.8703,310.7665522837026,30.396663841686724
825.726229,-1103.616749,307.29667538006765,30.45489922885568
827.295328,-1108.363159,303.7871685602183,30.51379972996911
828.864547,-1113.10953,300.23664098554576,30.573388687648993
830.433889,-1117.85586,296.6436204172037,30.63369081066789
832.003356,-1122.602149,293.00654317411795,30.694732342484944
833.572953,-1127.348395,289.32374799830524,30.75654116420503
835.142683,-1132.094596,285.59346698046005,30.819146946875776
836.712549,-1136.840753,281.81381301861194,30.882581361970537
838.282554,-1141.586864,277.98277292475836,30.946878197080636
839.852702,-1146.332927,274.0981925519208,31.012073605529892
841.422997,-1151.078943,270.1577605986821,31.07820637818514
842.993439,-1155.824909,266.15899875288795,31.145318108875735
844.563958,-1160.570849,262.0992366153739,31.213453615251865
846.134194,-1165.316884,257.9755928336931,31.282661255419583
847.703678,-1170.063167,253.78495515041263,31.35299326279281
849.27223,-1174.809758,249.5239476678112,31.424506295494105
850.839755,-1179.556689,245.18890096497142,31.497261937883298
852.406162,-1184.303988,240.7758174654191,31.571327281796833
853.971361,-1189.051685,236.28032412007508,31.646775720675837
855.535215,-1193.799829,231.6976204214428,31.72368782205064
857.094563,-1198.549468,227.02241661029578,31.802152364625826
858.635233,-1203.305165,222.2489182377638,31.882266597376724
860.138272,-1208.072853,217.37065208000513,31.964139161245686
861.585884,-1212.857653,212.38037267815008,32.04789165769415
862.949269,-1217.66711,207.27000128576086,32.13365967335522
864.197108,-1222.50778,202.03045791485198,32.221595598826745
865.298361,-1227.383827,196.6514276048552,32.311872551409145
866.224131,-1232.296162,191.12112337440124,32.40468835351591
866.948838,-1237.242076,185.42604670148714,32.500269552565534
867.446741,-1242.215819,179.55056932703909,32.59887843962576
867.691295,-1247.208298,173.47637891412396,32.70082235298577
867.655253,-1252.206458,167.18186585663688,32.80646396942432
867.310333,-1257.192666,167.18186511762244,32.91409074514765
866.627094,-1262.143662,167.18186511762244,33.02171307678068
865.576204,-1267.029653,167.18186474814456,33.129331317381215
864.129538,-1271.813265,167.18186474814456,33.23694634474642
862.263367,-1276.448785,167.18186474814456,33.344550284179725
859.967798,-1280.887183,167.18186474814456,33.452150720093655
857.269776,-1285.094132,170.10488855109386,33.55883730280817
854.241477,-1289.070473,176.35389278822876,33.66270810947528
850.969315,-1292.84913,182.07085371523266,33.76311805512037
847.539398,-1296.48515,187.3425650684485,33.86054055368693
844.030846,-1300.045448,192.23527060611653,33.95535555500121
840.502867,-1303.587584,196.80109417932354,34.04787960800297
836.9984,-1307.153111,196.11583172963444,34.13949153165466
833.55634,-1310.778212,190.56986713738328,34.23257016361326
830.229482,-1314.509141,184.8577443948609,34.32843744902587
827.099668,-1318.406136,178.96405644897436,34.42735196643199
824.253935,-1322.514426,178.96405644897436,34.52788302174838
821.752153,-1326.840677,178.9640562049236,34.628412301779534
819.635187,-1331.367665,178.96405590602487,34.72894118851879
817.928079,-1336.064459,178.96405590602487,34.82946791422324
816.630337,-1340.890508,182.92846929935183,34.92889497858281
815.719429,-1345.804629,188.1358663482474,35.025871154803276
815.15759,-1350.770743,192.97320031617213,35.12029063887817
814.900523,-1355.761866,197.49006596653885,35.21244711514882
814.917512,-1360.760606,201.72701114703668,35.302601414465904
815.197942,-1365.751911,205.71563492153254,35.39094285786279
815.733877,-1370.72168,209.48179208837414,35.47762402201211
816.506661,-1375.660299,213.0483908656312,35.562803141124796
817.487459,-1380.56215,216.4344321025202,35.646608301865655
818.645212,-1385.42511,219.6557924975788,35.729141486240394
819.950298,-1390.250633,222.72654852020244,35.81050102389919
821.372967,-1395.042864,225.6588849039838,35.890772173109674
822.883562,-1399.808099,228.4634256960266,35.970029102098934
824.45248,-1404.554478,231.14960200200264,36.04833959704214
826.050077,-1409.291285,233.72575527042721,36.125763688278326
827.646679,-1414.028432,236.19934132803664,36.20235585848077
829.212335,-1418.775895,236.55780272314794,36.27848917959944
830.717405,-1423.542885,231.9806806051969,36.355307604592916
832.134381,-1428.336767,227.3114413149018,36.43367204385299
833.437613,-1433.162792,222.54427623374755,36.51367998416595
834.601207,-1438.024342,217.67276307473733,36.595439211594574
835.598664,-1442.922605,212.68977294757184,36.6790693712151
836.403083,-1447.856165,207.58728630340187,36.76470505613994
836.986905,-1452.820583,202.35626531278493,36.85249794941474
837.321981,-1457.807821,196.986542945624,36.94261868560392
837.379802,-1462.805848,191.46641914088897,37.03526362832582
837.13156,-1467.797901,191.46641914088897,37.129241450391184
836.548128,-1472.761756,191.46641914088897,37.22321557099853
835.598475,-1477.668682,191.46641868461927,37.31718877799582
834.25232,-1482.481564,191.46641868461927,37.411154842426214
832.508088,-1487.164927,191.46641868461927,37.50512141067756
830.405296,-1491.699092,196.08109093749084,37.59797680149871
827.995678,-1496.077946,200.40322540442125,37.68873964663157
825.328559,-1500.304532,204.466930525918,37.77761711508865
822.436305,-1504.381079,208.30119679331105,37.864804136201485
819.337815,-1508.303759,211.9294486759469,37.9504509151742
816.051752,-1512.070514,215.37112654517315,38.03467825105564
812.60088,-1515.687006,218.64338152078835,38.117604100798054
809.009609,-1519.164296,221.76085640139752,38.19932882697818
805.30167,-1522.516878,224.73616112838624,38.27993810854987
801.499911,-1525.762782,227.58045590077325,38.3595112838219
797.625991,-1528.922304,230.3035198195524,38.43811783630597
793.700493,-1532.017484,232.91398408965094,38.51581905452471
789.74226,-1535.070712,235.41959234144977,38.59267167421536
785.763866,-1538.097762,237.82729761819965,38.6687276790403
781.774286,-1541.110075,240.14328802530943,38.7440322286567
777.782097,-1544.118881,242.37316916631227,38.81862688575715
773.790324,-1547.128236,244.52205610482326,38.89255066915324
769.799196,-1550.13845,246.59459486458618,38.96583906779599
765.808752,-1553.149569,248.59502621302363,39.0385246494377
761.819029,-1556.161643,250.5272374871451,39.110637530652674
757.830065,-1559.174722,252.39480071047552,39.18220556980785
753.841897,-1562.188855,254.2010075326809,39.25325461050895
749.854563,-1565.204091,255.94889868496531,39.32380866709952
745.8681,-1568.22048,257.6412906275317,39.393890130471405
741.882548,-1571.23807,259.28079636749607,39.46351985154947
737.897942,-1574.256912,260.8698483277929,39.53271740797532
733.914322,-1577.277054,262.410711798532,39.60150106250809
729.931725,-1580.298544,263.90550290703123,39.66988798359205
725.950191,-1583.321434,265.35620130437337,39.73789430723326
721.969751,-1586.345766,266.76466243497447,39.805535236543925
717.990409,-1589.371542,268.13262708787965,39.872825065683976
714.012143,-1592.398733,269.46173222428297,39.93977731032914
710.034929,-1595.427306,270.7535186885266,40.00640473140313
706.058744,-1598.457229,272.00943903543157,40.07271939938868
702.083564,-1601.488472,273.2308649423282,40.138732773674306
698.109367,-1604.521001,274.4190919091258,40.20445566861162
694.136128,-1607.554787,275.5753471683874,40.26989841940165
690.163825,-1610.589798,276.7007924261649,40.33507079323947
686.192434,-1613.626003,274.21426488594994,40.40040418667277
682.221931,-1616.663369,270.2755258256184,40.46650854729018
678.252294,-1619.701866,266.2785324444607,40.53359059761296
674.283499,-1622.741463,262.2206203684589,40.60169505417048
670.315523,-1625.782128,258.0989169500337,40.670870128973895
666.348341,-1628.823831,253.91031400492926,40.74116798707649
662.38193,-1631.866538,249.65144608214393,40.81264511127217
658.416267,-1634.91022,245.31865289699002,40.88536293258627
654.451328,-1637.954845,240.90794592162976,40.95938839099081
650.487088,-1641.000381,236.4149638139196,41.03479468344793
646.523525,-1644.046796,231.83492478435946,41.11166206334142
642.560615,-1647.094061,227.1625616781235,41.19007893000333
638.598328,-1650.142139,222.3920541054266,41.27014296777868
634.636657,-1653.191013,217.5169492960437,41.35196247433416
630.67562,-1656.240712,212.53004581855066,41.43565831221296
626.713561,-1659.289115,207.42326095372022,41.52136613472402
622.742538,-1662.325827,202.18753481645257,41.609237995075894
618.750844,-1665.335199,196.81265059381843,41.69944536334464
614.727666,-1668.302273,191.28685005791067,41.79218557937072
610.657765,-1671.204972,185.5965709542561,41.88768626020283
606.523136,-1674.01462,179.72628008519405,41.986208101480855
602.308546,-1676.702688,173.6577631492231,42.08805679615283
598.002015,-1679.240924,167.36930917488513,42.19359672222516
593.594492,-1681.599113,160.83537718435457,42.30325653719023
589.080383,-1683.746007,154.02465233446824,42.41756180205967
584.459781,-1685.653074,146.89841934885436,42.53716228026069
579.739128,-1687.295655,139.40903566017613,42.66285756308474
574.927896,-1688.649263,133.9906370872355,42.79448078910838
570.04019,-1689.691031,133.9906370872355,42.9287512151174
565.093431,-1690.397577,133.9906370872355,43.063007343280844
560.105936,-1690.717312,133.9906370872355,43.197284183853746
555.109455,-1690.588782,133.9906367612311,43.33157179083371
550.148291,-1689.987087,133.9906367612311,43.46584284779575
545.266128,-1688.919077,133.9906367612311,43.60011652779862
540.501905,-1687.409255,133.9906367612311,43.734393493474336
535.891889,-1685.48014,133.99063636201961,43.868660645042674
531.474615,-1683.143876,133.99063636201961,44.002918944021395
527.29341,-1680.407815,133.99063636201961,44.137172043584115
523.398599,-1677.277673,133.99063636201961,44.27142201541772
519.847643,-1673.762435,133.99063596286845,44.405668882304724
516.705976,-1669.877309,133.99063596286845,44.53991061106382
514.043159,-1665.650078,133.99063596286845,44.6741410488638
511.905074,-1661.134462,133.99063596286845,44.80837718439196
510.304576,-1656.401393,137.93505474290782,44.940669709791926
509.24571,-1651.518486,141.7179168903336,45.069307909428076
508.731195,-1646.548566,143.98634961146658,45.19522366659383
508.765659,-1641.552008,143.98634930818218,45.32015243069669
509.350579,-1636.589576,143.98634930818218,45.44508390482544
510.458428,-1631.71667,148.27056771156072,45.568195533407696
512.031898,-1626.973492,154.87202698600765,45.686888677366404
514.013497,-1622.385704,162.66271900642562,45.800204337399165
516.3536,-1617.969819,169.61679627010423,45.90849510572848
519.010885,-1613.736929,175.909170339815,46.0126393249975
521.948266,-1609.693145,181.66181979560184,46.11327915169676
525.131724,-1605.839881,186.96385371397338,46.210904127478
528.530324,-1602.174772,191.88264688673834,46.30589806898639
532.116612,-1598.692894,196.47058763704223,46.398569248482005
535.866743,-1595.387922,200.7693332149027,46.48916978714595
539.759496,-1592.25204,204.8126119975565,46.577908554200356
543.775778,-1589.275886,208.6282162871266,46.664961806787964
547.898562,-1586.449008,212.2393563802363,46.75047987503181
552.11204,-1583.759115,215.6656392661531,46.83459205589434
556.400218,-1581.189958,218.9238088911936,46.917410695020315
560.747526,-1578.722171,222.0283033860273,46.99903434755162
565.139893,-1576.335475,224.9916817357119,47.07955027174602
569.564353,-1574.00878,227.82493045031683,47.15903572893556
574.00873,-1571.720325,230.5377310458064,47.23755968330448
578.461216,-1569.447683,233.13865895682753,47.31518378476867
582.910125,-1567.168055,235.63536257416536,47.391963712901166
587.343737,-1564.858822,238.03469747782262,47.46794997924147
591.750013,-1562.497853,240.34283251083684,47.54318845881502
596.116306,-1560.063748,242.5653419569301,47.617720959866546
600.429117,-1557.536089,244.70728824362595,47.691585905390106
604.673813,-1554.895684,243.81333903303647,47.76526183367055
608.834469,-1552.124733,239.37500931496882,47.83975088809331
612.893797,-1549.207324,234.85280000566627,47.915647704407
616.832868,-1546.129636,230.2418773964158,47.9930334073622
620.632096,-1542.880826,225.53666436909603,48.07200159844452
624.273323,-1539.455649,220.73103246168563,48.152655132414665
627.738709,-1535.852858,215.8185560290352,48.23510185169571
631.008434,-1532.071918,210.79186962653188,48.319465371485144
634.060693,-1528.113735,205.6426730659664,48.4058849949016
636.870996,-1523.980704,200.3615895896034,48.49451809326754
639.4079,-1519.674731,200.3615895896034,48.584314849801935
641.628629,-1515.197643,200.3615895896034,48.67410921350589
643.48914,-1510.559458,200.36158928132934,48.76390053390643
644.969408,-1505.786071,200.36158928132934,48.853695729236435
646.074219,-1500.911973,204.4277032208125,48.942590749027424
646.820611,-1495.969919,208.26395205844273,49.0297897898703
647.235698,-1490.988954,211.8937474802726,49.11544158361486
647.343007,-1485.991782,215.33698725178064,49.19967693975779
647.166201,-1480.996454,218.6106963693306,49.28261063065677
646.72878,-1476.017034,221.7295146980168,49.36434264003635
646.054365,-1471.06409,224.70609760393498,49.444959576482425
645.166964,-1466.144765,227.55158010314167,49.524539896893586
644.090612,-1461.263216,230.27575951288077,49.60315337173534
642.848851,-1456.421052,232.88729501922856,49.68086193453979
641.464531,-1451.617659,235.39391653108734,49.75772178941973
639.960101,-1446.850486,237.8025451601292,49.83378376508487
638.359241,-1442.114763,240.11942290230985,49.90909453904329
636.687991,-1437.403411,242.3501554060271,49.983695589827754
634.971144,-1432.708493,244.49984109319078,50.05762527851824
633.226675,-1428.023707,246.57315669996908,50.13092004672285
631.466676,-1423.344708,248.57433226851188,50.203612027228125
629.699732,-1418.668343,250.50724252794885,50.27573078952668
627.929878,-1413.993079,252.37546852166022,50.34730442239324
626.159278,-1409.318096,254.1823052200154,50.418358810085905
624.389992,-1404.642617,255.93079500148795,50.48891795206505
622.624086,-1399.965861,257.6237565099607,50.55900425182206
620.863632,-1395.287048,259.26380645143377,50.62863864482712
619.110502,-1390.605488,260.85337666299125,50.69784062098226
617.366182,-1385.920639,262.3947353705908,50.766628508518025
615.631995,-1381.232027,263.8900011112991,50.83501952866411
613.909298,-1376.539182,265.34115383960824,50.90302978088934
612.199446,-1371.841643,266.75004975356876,50.97067445344866
610.503796,-1367.138958,268.11843178368923,51.037967896012454
608.82371,-1362.430691,269.4479373121958,51.10492360182753
607.160554,-1357.716419,270.74010796646223,51.171554328820115
605.5157,-1352.995729,271.99639808673504,51.237872199920226
603.890517,-1348.268232,273.2181792565948,51.30388863300901
602.286392,-1343.53355,274.40674824915976,51.36961447492301
600.704963,-1338.791237,275.56333320141164,51.43506007778957
599.148173,-1334.040784,276.68909518364046,51.50023514018651
597.6176,-1329.281819,277.78513823696943,51.56514904655827
596.11354,-1324.514405,278.8525099733117,51.629810700370015
594.63526,-1319.738935,279.89220463148257,51.69422850110106
593.181967,-1314.955803,280.90516875958974,51.758410499595676
591.752896,-1310.165376,281.89230450037775,51.822364433439226
590.347283,-1305.368015,282.85447022083105,51.886097603222055
588.96436,-1300.564063,283.792485889673,51.949617064782466
587.603353,-1295.753855,284.70713382317837,52.01292953792261
586.263485,-1290.937716,285.59916128493524,52.076041443333
584.944026,-1286.115946,286.46928290071867,52.13895894045594
583.644317,-1281.288813,287.31818288450455,52.20168796498003
582.363738,-1276.45657,288.146515679855,52.264234159427446
581.101691,-1271.619454,288.95490870683926,52.326602964248735
579.857606,-1266.777686,289.74396372633737,52.38879961911367
578.63092,-1261.93148,290.5142578049369,52.45082913843663
577.421065,-1257.081046,291.2663447266787,52.51269632642227
576.227472,-1252.226583,292.0007571351558,52.57440586125592
575.049572,-1247.368288,292.71800635227345,52.63596219614886
573.886796,-1242.506352,293.41858410040214,52.697369619114895
572.738564,-1237.640961,294.10296374948956,52.75863228296007
571.60417,-1232.772325,294.771600953483,52.819754187693675
570.482765,-1227.90068,295.42493462415035,52.88073919622299
569.373471,-1223.026263,296.0633874857865,52.94159101607186
568.275419,-1218.149301,296.68736719301796,53.00231323729982
567.187737,-1213.270015,297.2972669544974,53.062909329792426
566.109551,-1208.388623,297.8934658906898,53.12338261651222
565.039984,-1203.505335,298.4763303547311,53.183736346294246
563.978161,-1198.620357,299.0462139799067,53.24397364437094
562.923204,-1193.733892,299.60345832840136,53.30409752421006
561.874236,-1188.846137,300.14839371386637,53.36411092282616
560.830376,-1183.957289,300.681339221764,53.42401665296919
559.790747,-1179.06754,301.20260359987583,53.483817451560036
558.754466,-1174.177079,301.71248575602874,53.54351599070469
557.720654,-1169.286097,302.211274515759,53.603114803800814
556.688429,-1164.394778,302.6992501233914,53.66261641716365
555.656911,-1159.503311,303.1766833840393,53.722023206722405
554.625216,-1154.611882,303.6438369813462,53.78133751490343
553.592464,-1149.720675,304.1009655882862,53.84056162784518
552.557773,-1144.829878,304.54831580895825,53.89969772903717
551.520261,-1139.939678,304.9861269496922,53.958747960821164
550.47905,-1135.050265,305.41463092701355,54.017714376509936
549.433234,-1130.161835,305.83405292105164,54.0765989927999
548.381816,-1125.274607,306.24461139493513,54.13540375945222
547.323738,-1120.388816,306.64651847412034,54.19413057923053
546.257942,-1115.504703,307.0399800049924,54.25278128393422
545.182952,-1110.6226,307.42519637794874,54.31135772511261
544.095961,-1105.743154,307.802361501139,54.369861590291706
542.992689,-1100.867374,308.17166328698886,54.42829443727505
541.866787,-1095.996772,308.5332858151141,54.48665800511036
540.708642,-1091.133729,308.8874080335373,54.544953994199695
539.507345,-1086.281168,309.2342026426338,54.6031838504234
538.252533,-1081.442183,309.57383750988885,54.66134895795368
536.934309,-1076.620085,309.9064776731096,54.71945096033229
535.544177,-1071.818219,310.23228283951494,54.7774913186339
534.074841,-1067.040015,310.5514066920662,54.835471144409354
532.51913,-1062.289249,310.86400062355125,54.89339183507107
530.869905,-1057.570149,311.17021178354713,54.95125471308569
529.120198,-1052.887403,311.47018284869677,55.00906095325781
527.263165,-1048.246204,311.76405322602767,55.06681178415092
525.292161,-1043.652287,312.0519583331816,55.12450832956437
523.200733,-1039.111964,312.33403082794007,55.182151829877405
520.982658,-1034.632198,312.61039904711305,55.23974330930593
518.632009,-1030.220632,312.8811873568213,55.29728360986655
516.142602,-1025.88588,313.14652076108683,55.354774353932484
513.507385,-1021.6382,313.40651952890545,55.412216816726904
510.719101,-1017.489429,313.6612986498766,55.46961174947461
507.77113,-1013.452587,313.91097221299236,55.526960315296805
504.657632,-1009.542021,314.1556506939842,55.58426347812178
501.373812,-1005.773362,314.3954424491403,55.64152232221312
497.916087,-1002.163608,314.63045293139044,55.6987378564123
494.282221,-998.731333,314.8607819235707,55.75591030300799
490.476849,-995.490129,315.08653629208294,55.81304223196094
486.514675,-992.442449,315.3078141636609,55.870134694235524
482.413139,-989.585159,315.52470458398733,55.92718696139616
478.186327,-986.91672,315.73730187814016,55.98420018714697
473.844227,-984.440279,315.94569808702437,56.04117551379279
469.395686,-982.160261,316.14998723723244,56.09811524484445
464.853349,-980.072855,316.35025828153243,56.155020935859675
460.234197,-978.162274,316.54657445866616,56.21188732239888
455.552994,-976.410113,316.7390192515498,56.268715211478856
450.818383,-974.807287,316.9276929273343,56.325511038715455
446.036314,-973.352163,317.1126668176162,56.38227336967116
441.211314,-972.04588,317.2940231093159,56.439004547877786
436.346257,-970.896092,317.4718450335677,56.49570792699398
431.444708,-969.913999,317.64618814949415,56.55237861436409
426.511977,-969.10373,317.81712370178604,56.6090170157537
421.554641,-968.46028,317.98472929813255,56.665626207497034
416.579218,-967.976442,318.14906964028165,56.72220554836882
411.591266,-967.646135,318.3102121100014,56.77875576766615
406.595662,-967.464661,318.46822343670436,56.83527789758949
401.596892,-967.428792,318.6231668687178,56.89177225790422
396.599153,-967.536239,318.7751048400593,56.94823936409974
391.606467,-967.785179,318.9240985110364,57.004679760835685
386.622712,-968.17384,319.07020782896154,57.06109403611518
381.651651,-968.700475,319.21349109800246,57.117482644058434
376.696926,-969.363358,319.35400553584907,57.17384610310457
371.762133,-970.161203,319.4918073828606,57.23018503520465
366.850957,-971.093455,319.6269512983099,57.286499912392394
361.967141,-972.159793,319.7594907692808,57.342791203923866
357.11444,-973.359819,319.8894782628237,57.39905943040334
352.296655,-974.693124,320.0169648692638,57.45530499994968
347.517623,-976.15928,320.14200075361947,57.51152838885748
342.781235,-977.75784,320.2646349431133,57.567730039721354
338.091445,-979.488329,320.3849152959529,57.62391033238738
333.452272,-981.350268,320.5028889128049,57.680069762766415
328.867815,-983.34313,320.6186016879824,57.73620872545793
324.342271,-985.466395,320.7320987076279,57.792327689792586
319.88041,-987.720431,320.8434240141802,57.848427077601805
315.487971,-990.106912,320.95262034036966,57.90450711113621
311.170706,-992.626842,321.0597300278865,57.96056826411121
306.933554,-995.279277,321.16479440810474,58.016610945538694
302.781177,-998.062541,321.26785362580046,58.07263538691981
298.71811,-1000.974626,321.3689473070207,58.12864198478688
294.748382,-1004.012702,321.4681140442923,58.18463101603927
290.875071,-1007.172743,321.5653914798695,58.24060266405271
287.098957,-1010.4483,321.6608170676303,58.29655744663241
283.419967,-1013.832577,321.75442729887806,58.35249577581661
279.839064,-1017.320504,321.8462581577181,58.408418214401635
276.357642,-1020.907765,321.9363445386929,58.464325118666686
272.97721,-1024.59038,322.0247205347336,58.52021679003137
269.699216,-1028.364472,322.11141921451383,58.57609331639539
266.524701,-1032.226017,322.19647334256763,58.63195501505264
263.452981,-1036.169851,322.27991523518745,58.68780234923593
260.48149,-1040.189751,322.36177603076766,58.74363543466646
257.606984,-1044.279564,322.4420863832024,58.79945447820461
254.82598,-1048.43353,322.5208765231555,58.85525982105836
252.134761,-1052.646226,322.5981759470849,58.91105171794191
249.529382,-1056.912549,322.6740135593673,58.96683042373207
247.00627,-1061.228043,322.74841772606834,59.02259622449511
244.562563,-1065.58901,322.8214163186307,59.078349464561136
242.19555,-1069.992087,322.89303644037847,59.1340903298643
239.902377,-1074.43408,322.9633047353737,59.18981906830892
237.680111,-1078.911977,323.03224726918836,59.245535890396404
235.52573,-1083.422936,323.0998896116818,59.30124102473009
233.436136,-1087.964276,323.166256798892,59.35693467881092
231.408165,-1092.533472,323.231373365629,59.41261705591891
229.438595,-1097.128148,323.29526336327535,59.468288361341884
227.524151,-1101.74607,323.3579503901437,59.52394882067993
225.661587,-1106.385159,323.419457492246,59.57959858316924
223.847121,-1111.043273,323.47980735987454,59.63523788679714
222.075781,-1115.717967,323.5390222827745,59.69086701604172
220.341892,-1120.406676,323.59712384893413,59.746486009069834
218.640272,-1125.107184,323.6541333540203,59.80209502473307
216.967323,-1129.817985,323.71007192593186,59.8576944697201
215.320658,-1134.538043,323.7649599704407,59.91328445209063
213.69835,-1139.266525,323.8188174860665,59.96886506851131
212.098712,-1144.002725,323.87166419819914,60.024436535935564
210.520068,-1148.745965,323.9235194081256,60.079999033014936
208.96073,-1153.495586,323.9744020139575,60.13555271067492
207.418996,-1158.250948,324.024330545625,60.19109771993713
205.893356,-1163.011499,324.07332321841,60.246634264250154
204.382605,-1167.776798,324.12139786191904,60.302162514072265
202.885624,-1172.546441,324.16857193195443,60.35768260920296
201.401275,-1177.320031,324.2148625616651,60.413194708845005
199.92842,-1182.097181,324.2602865483245,60.46869896903983
198.465921,-1186.877512,324.30486035123454,60.5241955314589
197.012632,-1191.660651,324.3486001107194,60.5796845378689
195.56741,-1196.446235,324.39152166714945,60.635166146530715
194.129108,-1201.233902,324.43364051797977,60.690640468990175
192.696578,-1206.023301,324.47497190633203,60.74610767630718
191.268679,-1210.814083,324.51553074137144,60.80156788776494
189.844199,-1215.605883,324.5553316544355,60.857021235930056
188.421761,-1220.398288,324.5943889787438,60.91246783106389
186.999912,-1225.190869,324.6327168041552,60.96790783014339
185.577206,-1229.983195,324.67032891258674,61.02334133811604
184.152198,-1234.774837,324.7072388377742,61.07876848458898
182.72344,-1239.565362,324.74345984544453,61.13418938788911
181.28949,-1244.354336,324.7790049510668,61.1896041736631
179.848904,-1249.141317,324.81388690311945,61.245012941035405
178.400241,-1253.925861,324.8481182285102,61.30041582564645
176.942061,-1258.707512,324.8817111839844,61.35581291511352
175.472924,-1263.485808,324.3978143015808,61.4112484259985
173.991481,-1268.260303,321.07528581982035,61.46701084578709
172.496542,-1273.03059,317.718013651378,61.523356373305944
170.986966,-1277.796265,314.32488503419665,61.580303684182766
169.461606,-1282.556912,310.8947254085368,61.63787249120366
167.919322,-1287.312102,307.4262963685513,61.6960835786921
166.358977,-1292.061396,303.91828702881133,61.754958947405626
164.779437,-1296.80434,300.36931088788043,61.81452186717491
163.179573,-1301.540468,296.77789721635594,61.87479702143932
161.558261,-1306.269295,293.14248806564484,61.93581055744904
159.914379,-1310.990325,289.46142351514294,61.997590333863535
158.246803,-1315.703043,285.73293653676757,62.06016600694077
156.553623,-1320.406605,281.95516220081305,62.123568876034135
154.829874,-1325.09905,278.1260795095578,62.18783285980647
153.064611,-1329.776055,274.243525090967,62.252994266406894
151.242753,-1334.431306,270.3052090488163,62.31909152745615
149.348983,-1339.057768,266.3086584794328,62.38616614601237
147.368627,-1343.647854,262.2511949094817,62.454263075235566
145.289881,-1348.194243,258.1299497135241,62.5234304596328
143.104017,-1352.690069,253.94186178617795,62.59371967412659
140.802815,-1357.127906,249.68357959887774,62.66518696784883
138.378068,-1361.499375,245.35147139480767,62.737893293037935
135.821937,-1365.795186,240.94160427231404,62.81190465608457
133.125953,-1370.004525,236.44959055073647,62.88729469599357
130.280604,-1374.114303,231.870623180768,62.96414409008729
127.276659,-1378.109517,227.19947197322813,63.04254061729863
124.10589,-1381.973556,222.43032748260282,63.12258177829351
120.761291,-1385.687979,217.55678932241435,63.2043749915755
117.236843,-1389.232104,212.57162013940552,63.2880417225685
113.526608,-1392.581241,207.46669735272417,63.3737182935842
109.626237,-1395.706808,202.233006118602,63.46155600189673
105.534928,-1398.577783,202.2330055895221,63.55052896211086
101.256174,-1401.160949,202.2330055895221,63.639500454331056
96.798404,-1403.42098,202.2330055895221,63.728470114278224
92.176621,-1405.322954,202.2330055895221,63.81743786815731
87.417191,-1406.848601,202.23300589497714,63.90640809648434
82.552908,-1407.996968,205.6482085540404,63.994633768248185
77.615348,-1408.771692,209.41756755188675,64.0813317815357
72.633849,-1409.176978,212.98695794065623,64.1665233430086
67.636062,-1409.218929,216.37534257013672,64.2503344601331
62.64791,-1408.907622,219.59886575855322,64.33287275746846
57.690706,-1408.269148,222.67178273400853,64.41424078959166
52.780048,-1407.336011,225.60630356086705,64.49452448030974
47.928258,-1406.133618,228.41288993779833,64.5737934669937
43.141175,-1404.694692,231.10100964708997,64.65211623887164
38.415469,-1403.064965,233.6790557287797,64.72955411314281
33.741865,-1401.291245,236.15442479523145,64.8061596204048
29.107007,-1399.418491,238.53381951342328,64.88198235935026
24.494563,-1397.491437,240.82320882194975,64.95706519769759
19.887593,-1395.551263,243.02810994654305,65.03145102658601
15.272388,-1393.6301,245.1535746113794,65.10518076567236
10.63842,-1391.75442,244.05326848061446,65.17875725207503
5.975691,-1389.951481,239.61916772757823,65.25317533123764
1.275427,-1388.249028,235.10152632117712,65.32899548385362
-3.468927,-1386.674429,230.49559677821725,65.40629738753965
-8.263778,-1385.261566,225.79587252994546,65.48517345974231
-13.114943,-1384.056704,220.99635077100126,65.5657244463105
-18.02218,-1383.106318,216.0903820935072,65.64806194510572
-22.976307,-1382.442485,211.0704296583046,65.73231244786204
-27.961925,-1382.08709,211.07042924438852,65.81756251462542
-32.960014,-1382.057486,211.07042924438852,65.90281100767645
-37.948534,-1382.362167,211.07042924438852,65.98805334491739
-42.90446,-1383.004672,211.07042924438852,66.07328860549693
-47.80087,-1384.006002,211.07042924438852,66.15852980008974
-52.605306,-1385.384263,211.07042924438852,66.24377904150595
-57.290653,-1387.124847,214.06601289917148,66.32842743371761
-61.840055,-1389.194973,217.40138331051372,66.4118343929898
-66.243032,-1391.560914,220.5766298602259,66.49400380105857
-70.49344,-1394.191159,223.60506916172616,66.57502602970627
-74.58902,-1397.056495,226.49835840505025,66.65498193007063
-78.530702,-1400.13022,229.26682010444986,66.73394570900966
-82.322444,-1403.387305,231.91955657329095,66.81198325663966
-85.971844,-1406.80285,234.4644743546076,66.88914826390912
-89.487193,-1410.356154,236.9088690267635,66.96549586623621
-92.870965,-1414.035582,239.25945045574701,67.04108139329432
-96.120238,-1417.834529,241.52191427143566,67.1159441868432
-99.234519,-1421.74474,243.70141895587182,67.19011975478185
-102.219949,-1425.754257,245.8028595074976,67.26364739139919
-105.086391,-1429.849748,247.83062437861776,67.33656072994114
-107.844333,-1434.019062,249.78870551244904,67.40888988158918
-110.504821,-1438.251255,251.68080536991886,67.4806640359874
-113.079521,-1442.536207,253.51031929302312,67.55190979030611
-115.580444,-1446.864654,255.28037845130453,67.62265174634749
-118.018736,-1451.228688,256.99387595495966,67.69291263225553
-120.402855,-1455.622546,258.65349993240426,67.76271383607512
-122.739439,-1460.0419,260.2617614246485,67.83207588512744
-125.033406,-1464.48353,261.82097951867576,67.90101717910096
-127.289084,-1468.944723,263.3333239172483,67.96955519539655
-129.511304,-1473.422686,264.8008291480512,68.03770662523118
-131.705096,-1477.914646,266.2253946901858,68.10548690776835
-133.875514,-1482.417947,267.6088042846884,68.17291067347672
-136.027647,-1486.930021,268.9527352540933,68.23999179693153
-138.166605,-1491.448355,269.0535114740432,68.30689278118376
-140.297518,-1495.970489,265.0380894077276,68.37428412248285
-142.425526,-1500.493992,260.96088816511167,68.44271231158683
-144.555771,-1505.016441,256.8189670588455,68.51222670242704
-146.693391,-1509.535407,252.60914315593095,68.58288071457443
-148.843517,-1514.048434,248.3279633119226,68.65473230259317
-151.011263,-1518.553021,243.97167194236548,68.72784449693678
-153.201717,-1523.046606,239.53617143575227,68.80228606834243
-155.41994,-1527.526544,235.01697754517113,68.87813227649865
-157.670948,-1531.990094,230.40916616126842,68.95546576336153
-159.959711,-1536.434397,225.70731075901793,69.03437760299356
-162.291137,-1540.856459,220.90540981673956,69.11496851969946
-164.670064,-1545.253156,215.9967766557979,69.19735073686064
-167.101477,-1549.62104,210.9739734411344,69.28164908461268
-169.593519,-1553.954577,205.82867393308436,69.36800330329912
-172.16166,-1558.243415,200.55144727213107,69.45657167223953
-174.826179,-1562.473042,195.13156112677774,69.54753431352391
-177.609395,-1566.625488,189.55680537697944,69.64109615115619
-180.531639,-1570.681215,183.8131318158299,69.73749295798679
-183.610585,-1574.619193,177.88420099483557,69.83699896106629
-186.86233,-1578.415656,171.75079722222802,69.93993665980342
-190.300922,-1582.043449,165.39037841530455,70.04668438085078
-193.93769,-1585.472435,158.77547437815443,70.15770316001421
-197.778081,-1588.671759,158.77547437815443,70.27103513985925
-201.819004,-1591.612481,158.77547437815443,70.38435039711607
-206.056381,-1594.261475,158.77547437815443,70.4976557375774
-210.490816,-1596.566442,158.77547398911597,70.61097140797344
-215.115492,-1598.460346,158.77547398911597,70.72428121189853
-219.903018,-1599.890941,158.77547398911597,70.83757401612382
-224.809197,-1600.838766,158.77547432597837,70.95087126108959
-229.784235,-1601.312081,162.90400442940256,71.06272799930963
-234.78196,-1601.335033,168.59817514672193,71.17127630360302
-239.76378,-1600.936155,174.98289502491863,71.27600818822658
-244.700911,-1600.155851,180.81223887240625,71.37715790413411
-249.576576,-1599.056198,186.1783963358933,71.4752164459558
-254.386523,-1597.700312,191.15124409123925,71.57057414785041
-259.12705,-1596.115238,195.78700162059963,71.66358443820837
-263.786395,-1594.303686,200.12815468720567,71.75449703585696
-268.35605,-1592.277603,204.20860309123134,71.84350815005118
-272.838296,-1590.064533,208.0575016732317,71.93080979421701
-277.24116,-1587.697151,211.6986978074232,72.01655621015101
-281.575367,-1585.206387,215.1521695804961,72.10087667419768
-285.854251,-1582.621604,218.4351586754625,72.1838882429542
-290.093169,-1579.971806,221.56237950349816,72.26569028027677
-294.305931,-1577.280612,224.54665967952982,72.3463717192271
-298.502633,-1574.564314,227.39924555303065,72.4260122654645
-302.692513,-1571.837487,230.12996767026723,72.5046810976699
-306.878082,-1569.104092,232.74754835647119,72.58244057414589
-311.055255,-1566.35788,235.25978742443957,72.65934775896774
-315.21973,-1563.592449,237.67365336158593,72.73545388279493
-319.369276,-1560.804744,239.99539391697226,72.81080484374596
-323.500747,-1557.990347,242.23068517089624,72.8854435177081
-327.607121,-1555.139381,244.3846862845734,72.9594095860235
-331.67915,-1552.239562,246.46205187521835,73.03273810840928
-335.707577,-1549.279567,248.46702319857056,73.10546095517377
-339.684554,-1546.250818,250.4035286341862,73.17760904855098
-343.603751,-1543.147634,252.2751717320909,73.24921084030755
-347.458926,-1539.965293,254.08524684764103,73.32029175272824
-351.243331,-1536.699135,255.83681187412535,73.39087596315218
-354.949808,-1533.344828,257.53269711945035,73.46098594930737
-358.570425,-1529.898043,259.1755296359653,73.53064270565304
-362.096091,-1526.354215,260.76775224798916,73.59986584495948
-365.516955,-1522.709182,262.3116321950187,73.66867332410402
-368.822569,-1518.959311,263.8093109987865,73.73708307544466
-372.002063,-1515.101925,265.2627750480402,73.80511122961502
-375.043188,-1511.134635,266.67386531409517,73.87277198970116
-377.932121,-1507.055221,268.04434543608085,73.94008040735578
-380.65742,-1502.864696,269.375871918998,74.00705068673234
-383.210512,-1498.56717,270.66996649958344,74.07369437200965
-385.582717,-1494.167316,271.9280839844424,74.14002334288367
-387.761247,-1489.66846,273.15161622096866,74.2060498363808
-389.734136,-1485.075691,274.3418762182086,74.27178538954435
-391.494002,-1480.397137,275.50009569964374,74.33724040653337
-393.035027,-1475.642,276.62743818709976,74.40242458640698
-394.350613,-1470.819642,277.72500321229614,74.46734691052362
-395.434137,-1465.939898,278.79384519867193,74.53201653532844
-396.288056,-1461.014704,279.8349776299101,74.59644291479036
-396.923119,-1456.056513,280.849337343708,74.66063342481432
-397.352058,-1451.076252,281.83782318661514,74.72459548557707
-397.587742,-1446.083096,282.80129903535226,74.78833664009959
-397.643615,-1441.084692,283.74058320465065,74.85186373009246
-397.532337,-1436.087203,284.6564617815949,74.91518362259174
-397.262091,-1431.095723,285.5496929474188,74.97830340935924
-396.837736,-1426.11491,286.4209929656542,75.04122931477272
-396.263908,-1421.149056,287.27104197855635,75.10396692622682
-395.545512,-1416.202017,288.10049403342674,75.16652178695716
-394.68695,-1411.277361,288.90997397584556,75.22889906481934
-393.694321,-1406.377967,289.7000835607632,75.29110390886798
-392.577348,-1401.505402,290.47140332515096,75.35314151885568
-391.347023,-1396.660205,291.22448796560843,75.4150166944218
-390.01414,-1391.842197,291.9598711766033,75.47673412386368
-388.589847,-1387.050407,292.6780645670578,75.53829820937054
-387.084552,-1382.283452,293.3795585889145,75.59971305049056
-385.504531,-1377.540732,294.06483001842213,75.66098301696884
-383.852698,-1372.822519,294.7343372124677,75.72211228368678
-382.131356,-1368.129214,295.38851728713286,75.78310448674908
-380.342501,-1363.461226,296.02779313938163,75.84396327753768
-378.487901,-1358.818966,296.65257349898303,75.90469227591791
-376.569311,-1354.202785,297.263252184197,75.96529494091025
-374.588465,-1349.612973,297.8602094765683,76.02577464246409
-372.547086,-1345.049762,298.44381212485865,76.08613460390512
-370.446867,-1340.51333,299.01441461047693,76.14637797321254
-368.289508,-1336.003794,299.5723588296807,76.20650773568303
-366.076649,-1331.521236,300.117975394556,76.26652679632747
-363.80959,-1327.065842,300.65158482760654,76.32643806358136
-361.489316,-1322.637925,301.17349650878657,76.38624428817543
-359.116761,-1318.237797,301.684009635956,76.44594811927567
-356.692861,-1313.865743,302.18341364021774,76.50555210523947
-354.218533,-1309.522029,302.6719889298232,76.56505873676082
-351.694683,-1305.206898,303.1500072802381,76.62447045352924
-349.122205,-1300.920578,303.61773162163286,76.68378957711528
-346.501981,-1296.663277,304.07541686793365,76.74301837217153
-343.834881,-1292.435182,304.5233103495255,76.80215906490089
-341.121765,-1288.236467,304.9616514524342,76.86121375852436
-338.363478,-1284.067286,305.3906727402284,76.92018454376013
-335.560858,-1279.927775,305.81059972055095,76.97907343464848
-332.714729,-1275.818056,306.22165120104853,77.0378823821366
-329.825904,-1271.738235,306.62403958305714,77.09661328182781
-326.895188,-1267.6884,307.01797112146517,77.15526797910218
-323.923372,-1263.668628,307.4036460094275,77.21384824963171
-320.911238,-1259.678976,307.7812589668492,77.2723558569129
-317.859557,-1255.719491,308.1509989401308,77.3307924776595
-314.769089,-1251.790204,308.51304970139364,77.38915976423485
-311.640582,-1247.891136,308.8675897570768,77.44745930245966
-308.474783,-1244.022284,309.2147928429196,77.50569266372686
-305.272383,-1240.183673,309.5548277443332,77.56386134920659
-302.033865,-1236.375481,309.88785886911364,77.62196685954402
-298.759599,-1232.59798,310.2140458788525,77.68001060660357
-295.449972,-1228.85142,310.5335442871847,77.73799399091588
-292.105521,-1225.135915,310.8465052664524,77.79591834313459
-288.726865,-1221.451487,311.15307618042334,77.85378499635783
-285.314572,-1217.798188,311.45340053399514,77.91159525594658
-281.868982,-1214.176275,311.7476179515537,77.96935037204054
-278.390075,-1210.586352,312.03586438230155,78.027051555081
-274.877749,-1207.029119,312.3182723299985,78.08469999913734
-271.331919,-1203.50528,312.59497093578227,78.14229687827537
-267.752603,-1200.015465,312.8660856921699,78.19984326491503
-264.140373,-1196.559725,313.13173957181596,78.25734034546512
-260.49625,-1193.137629,313.39205201727077,78.31478919053043
-256.821284,-1189.748679,313.6471392572249,78.37219079639156
-253.11648,-1186.392373,313.8971149611807,78.42954621028136
-249.382823,-1183.068193,314.1420898551434,78.48685642831762
-245.621282,-1179.775601,314.3821718385414,78.5441224012006
-241.832801,-1176.514042,314.61746633149323,78.60134509741916
-238.018315,-1173.282936,314.84807605061593,78.65852543294768
-234.178731,-1170.081696,315.0741012493932,78.71566431051625
-230.314966,-1166.909689,315.29563963169466,78.77276258003222
-226.427852,-1163.766344,315.5127866695635,78.82982110113834
-222.517855,-1160.651506,315.72563578071885,78.88684077627492
-218.585226,-1157.565288,315.9342779146681,78.94382242647669
-214.63021,-1154.507813,316.138801743118,79.00076682109706
-210.653051,-1151.479195,316.3392940498449,79.05767476853364
-206.653996,-1148.479549,316.53583940177333,79.11454701026908
-202.633287,-1145.508989,316.7285205170508,79.17138430833809
-198.591169,-1142.567626,316.91741811108096,79.22818738679888
-194.527886,-1139.655572,317.102610987789,79.28495694183647
-190.443672,-1136.772945,317.2841762597315,79.341693693915
-186.338752,-1133.919877,317.4621892054818,79.3983983309913
-182.213105,-1131.096862,317.6367233082115,79.45507150419674
-178.066418,-1128.30484,317.8078504501548,79.51171387517338
-173.899079,-1125.54373,317.97564090201485,79.56832610029147
-169.712123,-1122.812457,318.1401631630012,79.62490876195628
-165.506677,-1120.10974,318.30148427181973,79.68146245743257
-161.283834,-1117.434285,318.4596697971908,79.73798778421467
-157.044663,-1114.784777,318.61478380141097,79.79448531412886
-152.790205,-1112.159886,318.76688893826224,79.85095561464492
-148.521476,-1109.558266,318.9160464793481,79.90739924604117
-144.239471,-1106.978557,319.0623162677264,79.96381673054414
-139.945161,-1104.419389,319.20575682259465,80.02020857764352
-135.639601,-1101.879195,319.3464254789103,80.0765753268579
-131.323984,-1099.356118,319.4843783701658,80.13291753175564
-126.999523,-1096.848231,319.6196701642471,80.18923563947497
-122.667399,-1094.353605,319.75235446649697,80.24553013964723
-118.328779,-1091.870295,319.8824836961891,80.30180150368119
-113.984812,-1089.396348,320.01010918165287,80.35805021345823
-109.636637,-1086.929806,320.1352810501225,80.41427670151299
-105.285383,-1084.468701,320.2580483996717,80.47048141369102
-100.932169,-1082.011064,320.37845928792655,80.52666479408553
-96.578115,-1079.554917,320.4965606957786,80.58282725654838
-92.224327,-1077.098301,320.61239861187676,80.63896921174164
-87.872006,-1074.63908,320.72601815930767,80.69509111857613
-83.522582,-1072.174737,320.83746333757813,80.75119334818125
-79.177564,-1069.702634,320.9467772453874,80.80727627890454
-74.838467,-1067.220156,321.05400206225283,80.86334027688974
-70.506822,-1064.724697,321.1591791477991,80.91938573733414
-66.184185,-1062.213668,321.26234892566174,80.97541301383036
-61.872137,-1059.6845,321.3635509894984,81.03142246261058
-57.572293,-1057.134644,321.4628240742533,81.0874144163454
-53.286294,-1054.561581,321.56020621794835,81.14338926467882
-49.015832,-1051.962816,321.65573452002224,81.19934730803196
-44.762659,-1049.335879,321.7494451245443,81.25528872881696
-40.528146,-1046.678961,321.84137401345214,81.31121405287422
-36.313112,-1043.991225,321.9315562343598,81.3671236941119
-32.118287,-1041.272055,322.0200257385673,81.42301783085108
-27.944438,-1038.520798,322.1068159605937,81.47889674632226
-23.792346,-1035.736812,322.19195972388366,81.5347607675478
-19.662817,-1032.91947,322.2754890690591,81.59061014507056
-15.556675,-1030.068152,322.3574354592885,81.64644517586278
-11.474756,-1027.182269,322.43782965611814,81.70226611211672
-7.417924,-1024.261231,322.51670182949084,81.75807322527145
-3.387032,-1021.304503,322.5940815615345,81.81386680122178
0.617004,-1018.311516,322.6699977488677,81.86964706051796
4.592728,-1015.281031,322.74447875989136,81.92541426050511
8.538102,-1012.21114,322.8175524462041,81.98116869839134
12.450936,-1009.099884,322.88924602012315,82.03691061056281
16.328989,-1005.945382,322.95958618103464,82.09264025754311
20.169936,-1002.745805,323.02859905708794,82.14835787010618
23.971374,-999.499387,323.09631026396744,82.20406368563279
27.730886,-996.204513,323.16274485578384,82.2597578985394
31.446585,-992.860312,323.2279274365039,82.31544074236062
35.117351,-989.46685,323.29188214644097,82.37111247286249
38.741833,-986.024,323.35463256059506,82.42677327101877
42.318435,-982.531438,323.4162018291797,82.48242335391252
45.845657,-978.989013,323.4766126476454,82.53806294184008
49.322051,-975.396696,323.53588722783843,82.59369222272501
52.74614,-971.75449,323.5940473617135,82.64931140116535
56.11641,-968.06243,323.6511143811337,82.70492065217418
59.431318,-964.320584,323.7071092393169,82.76052019053863
62.689347,-960.529111,323.76205244131506,82.81611019567659
65.88959,-956.68874,323.81596408207815,82.87169083882593
69.032686,-952.801457,323.8688639046178,82.92726233482298
72.119679,-948.869468,323.92077125180947,82.98282488614497
75.150582,-944.894082,323.9717050194371,83.03837862188917
78.124578,-940.875947,324.02168376196806,83.09392369980796
81.041966,-936.816518,324.07072573846574,83.1494603527357
83.904484,-932.718206,324.1188487854209,83.20498874059416
86.714313,-928.583595,324.1660703175156,83.26050893576499
89.473695,-924.415148,324.21240749835044,83.31602111099778
92.185006,-920.215273,324.25787716354864,83.37152544704648
94.849842,-915.985754,324.30249580099235,83.42702210049393
97.468486,-911.72748,324.34627955923906,83.48251120376888
100.040935,-907.441135,324.3892443186208,83.53799294641782
102.567261,-903.127441,324.43140559440815,83.59346744494484
105.047503,-898.787086,324.4727785948783,83.6489348054091
107.482011,-894.420914,324.5133782588576,83.70439516566205
109.871794,-890.0301,324.5532192470913,83.75984867833448
112.21812,-885.61591,324.59231590927016,83.81529545736156
114.522254,-881.17955,324.6306823251827,83.87073562564282
116.785482,-876.722181,324.6683323135206,83.92616932086118
119.009108,-872.244924,324.7052794072583,83.9815966519349
121.194453,-867.748856,324.74153689707657,84.0370177546219
123.342854,-863.235017,324.7771178002931,84.09243273773528
125.455661,-858.704408,324.8120348838086,84.14784170899244
127.53425,-854.157998,324.84630067523085,84.20324478499198
129.579984,-849.596709,324.8799274612416,84.25864208147249
131.594346,-845.021478,324.9129272884069,84.31403370668188
133.579195,-840.433365,324.945311975404,84.36941977368714
135.536634,-835.833489,324.97709311412376,84.42480039489529
137.468777,-831.222933,325.0082820419358,84.48017562488913
139.377744,-826.602727,325.0388899548756,84.53554565187699
141.265573,-821.973842,325.0689277605525,84.59091053156747
143.133844,-817.337045,325.0984060827053,84.6462701751163
144.980667,-812.691663,325.12733553549276,84.701624852713
146.801073,-808.035856,325.1557264812384,84.75697474809824
148.589652,-803.367735,325.18358896007976,84.81231980229452
150.341362,-798.685662,325.21093288525213,84.8676600778871
152.051006,-793.988066,325.2377680311344,84.92299573869525
153.71283,-789.273343,325.26410393990506,84.97832685562271
155.320827,-784.539996,325.28994996635276,85.03365348587243
156.868967,-779.78674,325.3153152979867,85.08897570791893
158.351166,-775.012515,325.3402089525148,85.14429361037426
159.761313,-770.216517,325.3646397798719,85.1996072899293
161.095268,-765.398769,325.38861647648883,85.25491687739708
162.3513,-760.56012,325.4121475443534,85.31022243705767
163.527902,-755.701553,325.43524129068396,85.36552395183645
164.623446,-750.824081,325.4579058863949,85.42082145075888
165.636621,-745.928861,325.48014930776947,85.47611486108886
166.565519,-741.016977,325.5019794406295,85.53140425518288
167.405177,-736.089057,325.52340411137476,85.58668993725213
168.148402,-731.145676,325.54443090918517,85.64197199023522
168.787781,-726.187795,325.5650672788399,85.69725049521907
169.3158,-721.216825,325.58532050531954,85.75252548170101
169.724728,-716.234654,325.60519772801626,85.8077969547144
170.008079,-711.24378,325.624705957037,85.86306493137683
170.161352,-706.247225,325.6438521183734,85.91832956517027
170.180221,-701.248369,325.66264294400156,85.97359082830646
170.060067,-696.250935,325.6810850712484,86.02884878461266
169.803663,-691.258612,325.69918514909364,86.08410391557284
169.41857,-686.274542,325.71694954676093,86.13935624588362
168.910572,-681.301493,325.7343844579102,86.19460562168038
168.284366,-676.341934,325.75149604650414,86.24985215740818
167.544625,-671.39802,325.7682903621633,86.3050959760542
166.69591,-666.471635,325.7847732994623,86.3603370659614
165.74274,-661.564381,325.80095066360803,86.41557548481337
164.689603,-656.677596,325.81682814948044,86.47081128614253
163.540954,-651.81237,325.83241133265193,86.52604447975848
162.301212,-646.969546,325.8477057056756,86.58127515134184
160.97473,-642.149755,325.86271663219907,86.63650329359503
159.565847,-637.353406,325.87744937310737,86.69172888804499
158.079707,-632.580418,325.89190914812855,86.74695213216881
156.522257,-627.830211,325.90610103203346,86.80217304878272
154.899435,-623.101935,325.92002999307516,86.85739161415479
153.217084,-618.394507,325.9337009269538,86.91260788361471
151.48099,-613.70663,325.9471186324227,86.96782189159582
149.696882,-609.03681,325.9602878249732,87.0230336997387
147.870447,-604.383379,325.9732131211495,87.0782433252333
146.007467,-599.744452,325.98589906416265,87.13345084078615
144.114206,-595.117798,325.99835009776046,87.18865625683961
142.196865,-590.501078,326.01057056722146,87.24385951285514
140.259449,-585.89274,326.0225647891721,87.29906078483373
138.303736,-581.292125,326.03433698069995,87.35426016832994
136.330956,-576.698801,326.0458912447304,87.40945759331592
134.342885,-572.112076,326.0572316242649,87.4646530651719
132.341745,-567.531038,326.0683620958977,87.51984663282468
130.329604,-562.954821,326.0792865601997,87.57503833717843
128.30843,-558.382586,326.0900088437943,87.63022821380821
126.280183,-553.813484,326.10053270111416,87.68541629446806
124.246821,-549.246656,326.11086181647715,87.74060261064267
122.210298,-544.681237,326.1209998051933,87.79578719238242
120.172565,-540.116357,326.13095021771625,87.85097008403379
118.135575,-535.551147,326.1407165313403,87.90615129152125
116.101278,-530.984735,326.1503021682471,87.96133087541743
114.071628,-526.416257,326.159710476714,88.01650883881943
112.048577,-521.844852,326.16894475122905,88.0716852348815
110.034085,-517.26967,326.1780082172194,88.1268600715153
108.030111,-512.689871,326.1869040458621,88.18203339177529
106.038625,-508.104628,326.19563534621227,88.23720522037252
104.061598,-503.513133,326.20420516870047,88.29237557728734
102.101012,-498.914594,326.2126165087803,88.34754449414379
100.158855,-494.308242,326.2208723049811,88.40271199520602
98.237133,-489.693328,326.2289754414041,88.45787810654991
96.337802,-485.069156,326.2369287458743,88.5130428363245
94.46243,-480.435214,326.24473500165936,88.56820624877244
92.6123,-475.791136,326.2523969327773,88.62336835669768
90.788706,-471.136575,326.25991721252916,88.67852917198027
88.99295,-466.471205,326.2672984649851,88.73368870955167
87.226341,-461.794721,326.2745432679443,88.78884700317792
85.490196,-457.106845,326.28165414662567,88.84400405124521
83.785837,-452.40732,326.28863358573926,88.89915990170998
82.114523,-447.695944,326.2954840184136,88.95431456063442
80.476963,-442.972731,326.3022078359064,89.0094680607335
78.873293,-438.237903,326.3088073862701,89.06462044572925
77.304074,-433.491548,326.3152849672676,89.1197717039638
75.769424,-428.733899,323.91249769693223,89.17512625820743
74.268847,-423.965392,320.5849451778085,89.23097299705664
72.801768,-419.186474,317.2224905532138,89.28740550239888
71.367641,-414.397564,313.8240110309222,89.34444261819948
69.965913,-409.599069,310.3883222386553,89.4021042219296
68.596027,-404.791387,306.91417585589807,89.46041126431187
67.257421,-399.974901,303.4002499849139,89.5193859309248
65.949526,-395.149985,299.84514674494125,89.57905168257972
64.671769,-390.317,296.24738348849627,89.63943340273867
63.423572,-385.476296,292.6053865690277,89.70055750211269
62.204347,-380.628213,288.9174829544373,89.76245205941312
61.01348,-375.773086,285.1818919420624,89.82514696040013
59.850347,-370.91124,281.39671447810105,89.8886740771362
58.714319,-366.042989,277.55992188837956,89.95306745711903
57.60477,-361.168635,273.669343594247,90.0183635294473
56.521067,-356.288468,269.7226507194422,90.0846013799487
55.46258,-351.40277,265.71734438055216,90.15182294770264
54.428675,-346.511811,261.6507326690224,90.22007341135415
53.418717,-341.615851,257.51991128463965,90.28940151414457
52.432068,-336.71514,253.32173868868244,90.35985998091945
51.46809,-331.809919,249.05280923299554,90.43150596910665
50.526143,-326.90042,244.7094202720709,90.50440162067856
49.605585,-321.986864,240.28753257021583,90.57861472664362
48.705774,-317.069467,235.78273161238621,90.65421937637153
47.826065,-312.148434,231.1901700286855,90.73129692389027
46.965812,-307.223962,226.50450912094692,90.8099369692529
46.12437,-302.296241,221.71984715195865,90.89023856206869
45.301092,-297.365453,216.82963052299425,90.97231169222195
44.495328,-292.431773,211.82654898080983,91.05627904862637
43.706431,-287.495367,206.70240603312308,91.14227819405859
42.933749,-282.556396,201.44796366790038,91.23046417125425
42.176638,-277.615016,196.05274869756747,91.32101275305781
41.434393,-272.671382,190.50480006292543,91.41412468345321
40.706032,-267.72568,184.79035687859684,91.51003091313697
39.990412,-262.778119,178.89346944216473,91.60899912800149
39.286397,-257.828893,172.79545908902097,91.71134281446011
38.592847,-252.87819,166.4742265249592,91.81743286778953
37.908619,-247.926189,159.9032991547775,91.92771358093552
37.232573,-242.973065,153.05052216403124,92.04272461225497
36.563564,-238.018985,145.87617806050585,92.16313254549158
35.900445,-233.064113,138.33024342253998,92.28977693011895
35.242081,-228.108607,130.3481997780991,92.4237405878921
34.58728,-223.152644,121.84439474263341,92.56646103371854
33.93791,-218.195881,112.70059237646919,92.71992263647228
33.313805,-213.235937,102.74637470928499,92.88698554271119
32.763561,-208.267878,91.71955294677937,93.07205010045094
32.389549,-203.28361,79.17198041384994,93.28263761256707
32.352469,-198.286118,79.17198041384994,93.50988298802751
32.817472,-193.311396,79.17197973835506,93.73707279144611
33.915929,-188.438235,79.17197973835506,93.9642180853308
35.747424,-183.792467,79.17197973835506,94.19128703476072
38.389068,-179.556643,79.17197973835506,94.41827836347022
41.921454,-176.029773,79.17197926116292,94.64525181588691
46.212546,-173.500068,79.1719795360961,94.87175252570454
50.919597,-171.843386,90.94913632129092,95.0829467360575
55.817754,-170.855145,99.27268771430731,95.27208043770749
60.780747,-170.257924,99.27268771430731,95.4533555695907
65.755612,-169.750688,87.80531475261901,95.6458139543637
70.70736,-169.063224,74.59951297213044,95.86744861199597
75.578176,-167.944884,74.59951297213044,96.10861894886779
80.249259,-166.18692,74.59951297213044,96.34947003609524
84.460629,-163.518705,74.59951297213044,96.59005776202461
87.784859,-159.806901,74.59951268025677,96.83051470728431
89.9664,-155.322101,74.59951268025677,97.07118732716722
91.16231,-150.475777,87.01186344230496,97.2935740942184
91.501762,-145.494103,97.64336147637859,97.48826788366662
91.101817,-140.515047,107.52427834524484,97.66356195073317
90.084296,-135.623511,117.62777734767903,97.82333384625564
88.542466,-130.87028,127.76532723185902,97.96995049200106
86.582074,-126.273019,138.8057961093953,98.10493929649833
84.313197,-121.819261,148.72896583607238,98.2301008850853
81.838377,-117.476103,157.2649102700587,98.34772148357213
79.245774,-113.201976,164.78907714780073,98.45948107059115
76.593605,-108.964482,171.53473202887207,98.56650012344268
73.920176,-104.740355,177.6584004161081,98.66957528587753
71.23839,-100.521528,183.27100383243848,98.76929878486493
68.549873,-96.306987,188.4544502762545,98.86612601095186
65.854782,-92.096647,193.27120890697046,98.96041661714828
63.153271,-87.890423,197.77018504986614,99.05246095557175
60.445497,-83.688229,201.990495702952,99.14249767674669
57.731612,-79.489978,205.96400104036775,99.2307260148989
55.011773,-75.295583,209.71704710731433,99.31731437513388
52.286131,-71.104955,213.27171499155136,99.4024068254847
49.554841,-66.918007,216.6467194565593,99.48612769220885
46.818056,-62.734649,219.858087713903,99.5685853002033
44.075928,-58.554791,222.91966684875356,99.6498747140495
41.328609,-54.378343,225.8435158110019,99.7300799225846
38.576251,-50.205213,228.64021263341007,99.80927560959586
35.819006,-46.035312,231.31909417258362,99.8875284905326
33.057025,-41.868545,233.88845420653706,99.9648985796311
30.290459,-37.704822,236.3556946178019,100.04143997334559
27.519458,-33.544049,238.7274573718344,100.11720175044935
24.744172,-29.386132,241.00972753031073,100.19222855786937
21.964752,-25.230978,243.20791990356338,100.26656113404499
19.181346,-21.078493,245.32695373116155,100.34023682711803
16.394105,-16.928581,247.37131283532787,100.41328994873406
13.603193,-12.781137,249.3450976857953,100.48575211282423
10.808785,-8.636048,251.25206975349892,100.55765252794431
8.011056,-4.493199,253.0956898272987,100.62901826348728
5.210182,-0.352476,254.87914948807665,100.69987442346421
