s_m,x,y,kappa_1_per_m,v_m_per_s
0.0,-3.203116,1.282051,0.0,89.79708012674908
4.998453094523145,-2.853084,6.268233,0.00023035602276063566,89.8146259644143
9.996906530307559,-2.497311,11.254009,0.00022612126405959442,89.83184153581973
14.995360266224797,-2.135903,16.23938,0.00022184692000686343,89.8487331830545
19.993813828996487,-1.768967,21.224347,0.00021749013605941168,89.86530712026703
24.992267238327216,-1.396612,26.208912,0.0002132533619245453,89.88156943951125
29.990720385596777,-1.018944,31.193077,0.00020901378940774257,89.89752611124494
34.9891738207554,-0.636069,36.176845,0.0002046147719075147,89.91318298940851
39.987627451295545,-0.248097,41.160219,0.00020041550840266164,89.92854580974608
44.98608124057729,0.144867,46.143202,0.00019609678895100342,89.9436201945581
49.98453459787982,0.542715,51.125797,0.00019177513019912593,89.95841165327708
54.98298761195298,0.945339,56.108008,0.00018757004631556276,89.97292558854403
59.98144130217049,1.352634,61.08984,0.0001832087668376159,89.98716729901948
64.97989506621572,1.764491,66.071297,0.00017896740377614155,90.00114197423456
69.9783482522889,2.180804,71.052383,0.00017463976067556684,90.01485470152122
74.97680174879778,2.601465,76.033104,0.00017035544520987986,90.02831047242967
79.97525524962431,3.026367,81.013465,0.00016606786127327914,90.04151417719314
84.97370917152307,3.455403,85.993472,0.00016182371269694656,90.05447061203671
89.97216275488863,3.888467,90.97313,0.00015745314272355576,90.0671844761573
94.97061671287854,4.32545,95.952446,0.0001532491582730412,90.07966038056253
99.96906986136858,4.766247,100.931425,0.00014887523784123016,90.09190284136592
104.96752340726695,5.210749,105.910075,0.00014466432412814606,90.10391629239038
109.96597767613727,5.658851,110.888403,0.00014029765471384168,90.11570507871795
114.96443140802207,6.110444,115.866415,0.00013604712189146722,90.12727345703898
119.96288438236252,6.565422,120.844118,0.00013178931920551,90.13862560369316
124.96133815352597,7.023679,125.821521,0.00012741928100229284,90.14976561777341
129.9597917972471,7.485106,130.798631,0.00012320506835671128,90.16069751311053
134.95824554802732,7.949598,135.775456,0.00011887134509870135,90.17142522821912
139.95669916528786,8.417047,140.752004,0.00011457754126504904,90.1819526242027
144.9551523095358,8.887346,145.728283,0.00011027621461055749,90.19228348717677
149.95360644798342,9.360388,150.704303,0.00010606594636952571,90.20242153366739
154.9520600740786,9.836068,155.680071,0.00010168496206211374,90.21237040223556
159.95051411751612,10.314277,160.655597,9.743116827297491e-05,90.22213366605726
164.94896763882528,10.794909,165.630889,9.312988499075948e-05,90.23171482563592
169.94742143728416,11.277857,170.605957,8.887229767393226e-05,90.24111731731769
174.94587526387627,11.763015,175.58081,8.45350840292144e-05,90.25034450919387
179.94432853285946,12.250275,180.555457,8.022990735128504e-05,90.25939970390458
184.94278260940445,12.73953,185.529909,7.565373219586034e-05,90.26828614406108
189.9412360511454,13.230666,190.504175,7.078699166693472e-05,90.27700700488961
194.93968958111643,13.723562,195.478267,6.592418852983924e-05,90.28556540445555
199.9381427981893,14.218097,200.452196,6.1093286844107e-05,90.29396439900044
204.93659727049942,14.714151,205.425975,5.6198625886390864e-05,90.3022069894157
209.93505027642485,15.211602,210.399613,5.1363743496306984e-05,90.31029611197626
214.93350416588956,15.71033,215.373124,4.6461149016506635e-05,90.31823465500511
219.93195801080142,16.210213,220.346519,4.167404584279314e-05,90.32602544621292
224.93041209333953,16.711132,225.31981,3.677149383927297e-05,90.33367126114625
229.92886532479952,17.212965,230.293008,3.194055738888771e-05,90.34117482020693
234.92731873991235,17.715592,235.266126,2.7029958907333733e-05,90.34853879504169
239.92577311421667,18.218891,240.239177,2.2211096929832878e-05,90.35576580582757
244.92422639040493,18.722742,245.212171,1.7495567393886372e-05,90.36285841866571
249.9226807533252,19.227028,250.185122,1.3803811726887326e-05,90.36981915679536
254.9211339165414,19.731657,255.158037,1.2306221690542248e-05,90.37665048909027
259.91958813534245,20.236592,260.130922,1.1872244192385426e-05,90.38335484366952
264.91804132190083,20.741822,265.103776,1.0701290220001563e-05,90.3899345965495
269.91649454044205,21.247318,270.076603,7.881533980373823e-06,90.39639208277327
274.914948681847,21.75301,275.049411,4.265392966091042e-06,90.40272959269286
279.91340260481286,22.258808,280.022208,8.442720770184673e-07,90.40894937054951
284.9118566630979,22.764627,284.995003,2.3297847080587876e-06,90.41505361986994
289.91030982673976,23.270388,289.967803,5.233203070782104e-06,90.42104450067421
294.90876376638516,23.776019,294.940617,8.20414346290843e-06,90.42692413525089
299.9072169715163,24.281446,299.913451,1.1027935975724356e-05,90.43269460186664
304.9056713296332,24.786599,304.886314,1.399482882642922e-05,90.43835794335057
309.904124356384,25.291404,309.859211,1.6862480493024064e-05,90.44391615885756
314.9025788601758,25.79579,314.832152,1.982938438201632e-05,90.44937121562486
319.9010323905739,26.299683,319.805142,2.2728775437544305e-05,90.45472503786064
324.8994857053297,26.803011,324.778189,2.558832758123439e-05,90.45997951689831
329.8979396874534,27.305703,329.751301,2.8559294711559307e-05,90.46513650839997
334.89639295619696,27.807685,334.724484,3.138303470930162e-05,90.4701978306199
339.89484754856574,28.308887,339.697747,3.430617504935335e-05,90.47516527094425
344.8933002595764,28.809236,344.671094,3.773926999017509e-05,90.48004057778905
349.8917546828127,29.308647,349.644537,4.2394888456998334e-05,90.48482547325786
354.89020838448414,29.807004,354.618085,4.770372745833186e-05,90.48952164111509
359.8886613934457,30.304175,359.591751,5.249480828298707e-05,90.49413073577631
364.887115123067,30.800041,364.565548,5.53463587386341e-05,90.49865438172628
369.88556886362085,31.294531,369.539482,5.574859629790848e-05,90.50309417088748
374.8840230062533,31.787635,374.513554,5.542206327819274e-05,90.5074516661978
379.88247673579207,32.279361,379.487762,5.490032990209106e-05,90.51172840012163
384.8809307159714,32.769722,384.462105,5.441058678611933e-05,90.51592587756635
389.8793835115561,33.25873,389.43658,5.393650634211215e-05,90.52004557336952
394.87783765824514,33.746397,394.411188,5.3486601184634676e-05,90.52408893791358
399.876291603838,34.232734,399.385926,5.2960970845301295e-05,90.52805739095788
404.87474497646804,34.717754,404.360792,5.247906672935727e-05,90.53195232657272
409.87319829237225,35.201469,409.335785,5.2036982954808126e-05,90.53577511333711
414.87165196179865,35.68389,414.310904,5.1515207126436584e-05,90.53952709402955
419.87010657889147,36.16503,419.286148,5.106157854599697e-05,90.54320958634116
424.86855954957394,36.6449,424.261513,5.054751476121201e-05,90.54682388090708
429.8670134396222,37.123513,429.237,5.0101582428448325e-05,90.55037124791758
434.86546762778255,37.60088,434.212607,4.961202603736745e-05,90.55385293142095
439.8639205842347,38.077013,439.188331,4.9097883091315135e-05,90.55727015154629
444.8623748469751,38.551925,444.164173,4.864817836169737e-05,90.56062410834302
449.86082877300595,39.025627,449.14013,4.8162475488884144e-05,90.56391597652785
454.8592818011854,39.498131,454.1162,4.764448773079029e-05,90.56714690957448
459.85773544698924,39.96945,459.092383,4.720238136822921e-05,90.57031804069491
464.85619003296375,40.439595,464.068678,4.670916492086876e-05,90.57343048109108
469.85464298089653,40.908578,469.045081,4.623475372150405e-05,90.57648531938568
474.8530966819958,41.376411,474.021593,4.574906044720439e-05,90.57948362690244
479.85155053235655,41.843106,478.998212,4.5263391898607306e-05,90.5824264530828
484.8500039197492,42.308675,483.974936,4.478517656767808e-05,90.58531482775945
489.84845821505553,42.77313,488.951765,4.429579810133587e-05,90.58814976265697
494.8469117940507,43.236483,493.928696,4.381387180225475e-05,90.59093224888028
499.8453650158177,43.698746,498.905728,4.32957719066403e-05,90.59366326014931
504.8438193195285,44.159932,503.882861,4.2886148813582336e-05,90.59634375256208
509.8422728725309,44.620051,508.860092,4.2368037070519436e-05,90.59897466259523
514.8407270984357,45.079116,513.837421,4.191860194176723e-05,90.60155691097573
519.8391802419852,45.537138,518.814845,4.1360621930821916e-05,90.60409139958989
524.8376338025788,45.994131,523.792364,4.091852159191765e-05,90.60657901516107
529.8360880014682,46.450106,528.769977,4.0469137399225944e-05,90.60902062720092
534.8345410614297,46.905074,533.747681,3.995461745803927e-05,90.61141708803629
539.8329953635407,47.359048,538.725477,3.9465388752748474e-05,90.61376923610143
544.8314492070097,47.81204,543.703362,3.898344966182257e-05,90.61607789224828
549.8299028756169,48.264062,548.681335,3.854136266719073e-05,90.61834386296906
554.8283565558634,48.715125,553.659395,3.80159482250383e-05,90.62056793967265
559.8268096120312,49.165242,558.63754,3.753760275540122e-05,90.62275089865564
564.825263302963,49.614425,563.61577,3.709549852165583e-05,90.62489350257792
569.8237177951231,50.062685,568.594084,3.656650542535319e-05,90.62699649940235
574.822171435853,50.510035,573.572479,3.608457024609526e-05,90.6290606224061
579.8206244679349,50.956487,578.550954,3.564605729249287e-05,90.63108659201774
584.8190780345142,51.402052,583.529509,3.512422460623868e-05,90.63307511560511
589.8175324547763,51.846743,588.508143,3.4675017833348895e-05,90.63502688702123
594.8159858713526,52.290571,593.486853,3.4156757938001196e-05,90.63694258636447
599.814439586481,52.733549,598.465639,3.367479552522914e-05,90.63882288230579
604.8128938112309,53.175689,603.4445,3.32256375210697e-05,90.6406684306449
609.8113466701122,53.617002,608.423433,3.271088580539509e-05,90.64247987422168
614.809800442734,54.057501,613.402439,3.226526076929177e-05,90.64425784543545
619.8082542380937,54.497197,618.381516,3.17833039657401e-05,90.64600296377286
624.8067082437473,54.936102,623.360663,3.125796673677237e-05,90.6477158375893
629.805161733013,55.374229,628.339878,3.077951799239643e-05,90.6493970636194
634.8036158778873,55.81159,633.319161,3.0373797603259615e-05,90.65104722814624
639.8020696777963,56.248195,638.29851,2.9768740574067918e-05,90.65266690583121
644.8005225635466,56.684059,643.277923,2.9413377692072355e-05,90.65425666081251
649.798976425483,57.119191,648.257401,2.880830772617581e-05,90.65581704752451
654.7974306828417,57.553606,653.236942,2.8442491134967314e-05,90.65734860931168
659.7958842277146,57.987313,658.216544,2.7880793846230323e-05,90.65885187927775
664.7943373776814,58.420326,663.196206,2.7442176659567867e-05,90.66032738106493
669.7927911812275,58.852656,668.175928,2.6916876160346858e-05,90.661775628798
674.7912448625174,59.284316,673.155708,2.647479279354403e-05,90.66319712652015
679.7896984642396,59.715317,678.135545,2.599627878169581e-05,90.66459236915796
684.7881531070819,60.145671,683.115439,2.5503987670126938e-05,90.6659618427456
689.7866059218807,60.57539,688.095386,2.4992475999257267e-05,90.66730602320641
694.785060098465,61.004487,693.075388,2.4543515124778203e-05,90.66862537927376
699.7835136688318,61.432973,698.055442,2.4025109172456673e-05,90.66992036960002
704.7819678210452,61.860861,703.035548,2.3619477130535177e-05,90.67119144515897
709.7804214893647,62.288161,708.015704,2.3057765965827084e-05,90.67243904797876
714.778874942294,62.714887,712.995909,2.261568736065113e-05,90.6736636122299
719.7773281877069,63.14105,717.976162,2.2097254748001003e-05,90.67486556396373
724.7757823963967,63.566663,722.956463,2.177140002700372e-05,90.67604532160463
729.7742363169056,63.991734,727.93681,2.1688245748223965e-05,90.67720329524144
734.7726891819053,64.416265,732.917202,2.165516340354873e-05,90.6783398874857
739.7711431277555,64.840257,737.897641,2.1528726115220205e-05,90.67945549414236
744.769596474361,65.263713,742.878125,2.1572001553956914e-05,90.68055050281633
749.7680501914081,65.686632,747.858655,2.153211444985416e-05,90.68162529451828
754.7665044215141,66.109015,752.839231,2.1409083770383975e-05,90.68268024301095
759.7649584793344,66.530865,757.819852,2.1405715169558105e-05,90.68371571495724
764.7634114256683,66.952182,762.800517,2.1412463300327597e-05,90.68473207018191
769.7618653106389,67.372966,767.781228,2.1289438616538935e-05,90.68572966244963
774.7603194472747,67.79322,772.761984,2.132595817154173e-05,90.68670883841176
779.7587728117395,68.212943,777.742784,2.1169787762831323e-05,90.68766993824053
784.7572267927661,68.632139,782.723629,2.124619804992032e-05,90.68861329627305
789.7556802823177,69.050806,787.704518,2.112655003811661e-05,90.68953924017653
794.7541335877282,69.468947,792.685451,2.112989514471747e-05,90.69044809181823
799.7525877612412,69.886562,797.666429,2.104343660735045e-05,90.6913401672344
804.7510410324765,70.303653,802.64745,2.1006892840999073e-05,90.69221577610404
809.7494945365963,70.720221,807.628515,2.1006891199182324e-05,90.69307522288887
814.7479483287111,71.136266,812.609624,2.0887229422484183e-05,90.69391880622022
819.7464027133218,71.551791,817.590777,2.0920465278266212e-05,90.6947468192415
824.7448556687912,71.966795,822.571972,2.084734429192854e-05,90.69555954928836
829.7433094087338,72.38128,827.553211,2.080413255164706e-05,89.04751278218403
834.7417630736799,72.795247,832.534493,2.0724356948924195e-05,85.96293699542294
839.7402168831119,73.208698,837.515818,2.072435588354001e-05,82.76347941852369
844.7386708906677,73.621633,842.497186,2.0681165962308577e-05,79.43525975688867
849.7371242359036,74.034053,847.478596,2.0644580179341053e-05,75.96135551291131
854.7355780512394,74.445959,852.460049,2.0561504174326388e-05,72.3207751569536
859.7340315579013,74.857353,857.441544,2.0564792686004687e-05,68.48694430753315
864.732485805303,75.268235,862.423082,2.0478435747428865e-05,64.42537141424769
869.7309390172102,75.678607,867.404661,2.0485008338259456e-05,60.08989544821816
874.72939323926,76.088469,872.386283,2.0358774700963865e-05,55.41626547320203
879.7278467762645,76.497824,877.367946,2.0438564620676632e-05,50.7260584959896
884.7262995163965,76.90667,882.34965,2.0252187646001553e-05,46.089451893364966
889.72475590692,77.315012,887.331399,2.9111625733839312e-05,41.46626427769449
894.7230913629503,77.724069,892.312968,0.0008001117551815515,36.80270966831045
899.7210952844953,78.153016,897.292531,0.0045506069280890505,32.02312015111657
904.7190017622229,78.695088,902.260954,0.011779730228529474,27.061847722699255
909.7174614577341,79.528713,907.189409,0.017993113839239887,21.875286261847588
914.7151909900758,80.801555,912.022335,0.024134215129994207,21.875286261847588
919.7098251715063,82.64569,916.664052,0.03203135096625852,21.875286261847588
924.7055212668432,85.207067,920.953146,0.04020488993821061,21.875286184846413
929.6916021007748,88.566699,924.63742,0.05082528501058632,21.87528605173316
934.6552265249819,92.724215,927.348993,0.04847612925567655,21.87528605173316
939.6488208429957,97.438583,928.995419,0.033476701257204255,23.484498467834538
944.6552824854659,102.374213,929.834594,0.009896750162894132,26.84895958732231
949.6631077342557,107.346709,930.428393,0.014722730430152322,21.591733237701945
954.662445708352,112.253669,931.385014,0.037212235084835114,21.591733237701945
959.6373772370567,116.876683,933.222862,0.051909237709720384,21.591733237701945
964.6142479014235,120.876308,936.184659,0.05056763813243269,21.591733237701945
969.5954552345925,124.012107,940.054955,0.04379801753620943,22.818002472193744
974.5821418973651,126.235852,944.518362,0.03820261161523678,24.823897081235355
979.5863964438514,127.575897,949.33986,0.031004050758014375,26.809780320067002
984.582034355477,128.153671,954.301974,0.02491495281356571,29.417133634851698
989.5781777381147,128.110516,959.297931,0.019283842034965967,32.33848391056075
994.5763525792753,127.586475,964.268558,0.014641395964568671,35.586129763335705
999.5751978934176,126.700186,969.188207,0.010331200931115702,38.848367887589966
1004.5729520157875,125.561369,974.054483,0.005931922167404345,41.56032310674235
1009.5701831111894,124.278943,978.884359,0.002139712269752224,43.89947127362039
1014.5683842169515,122.944683,983.70118,0.0005695652540918766,45.96571475005317
1019.5668947966344,121.596632,988.514481,0.00016797730283170913,47.82084929476072
1024.5653280541353,120.244561,993.326574,8.045131194950367e-05,49.50667330006501
1029.5637879816222,118.894418,998.139236,0.0003236527579498624,51.05308650600442
1034.562238655098,117.552065,1002.954067,0.0005665954083318315,52.48220178792697
1039.5606910252993,116.223353,1007.772682,0.0008095035080659319,53.81094432961902
1044.5591404298457,114.91415,1012.596631,0.0010522710233665023,55.05259062618497
1049.5575884949587,113.630338,1017.427398,0.0012948361876513944,56.21778205861953
1054.5560336394158,112.377819,1022.26637,0.0015374546593539009,57.315198537039144
1059.5544731170962,111.162525,1027.114819,0.0017797756963070885,58.352028144793614
1064.5529080562412,109.990412,1031.973883,0.002021513672597139,59.33430251773786
1069.551343712878,108.867456,1036.844543,0.0022360373474386505,60.26714072562044
1074.549751236569,107.799013,1041.727422,0.0023046626444317977,61.154924178408386
1079.5481078719008,106.786899,1046.622235,0.0021878642554961168,62.001442717709565
1084.5464325983116,105.828379,1051.527792,0.0020785755575360282,62.810006204627626
1089.5447902841088,104.92087,1056.443075,0.0020724416955274004,63.58352667443923
1094.5432048957125,104.064316,1061.367551,0.002100586394313164,64.32456994889112
1099.541635795287,103.259511,1066.300765,0.0021251518905453528,65.03540644554037
1104.540069182993,102.507153,1071.242252,0.0021472942618609584,65.71806806130823
1109.538503182014,101.807875,1076.19153,0.00216833137401555,66.37438013619695
1114.5369521401574,101.162277,1081.148111,0.0021911349757926966,67.00599030317309
1119.5354077558397,100.571002,1086.111472,0.0022135656865854498,67.61438718758244
1124.5338340209055,100.034682,1091.081042,0.0022101340930085426,68.20092024026913
1129.5322678214995,99.553293,1096.056241,0.002172680554609349,68.76682837640286
1134.5307172511152,99.125961,1101.03639,0.0021268529812578426,69.31324161114438
1139.5291551866803,98.751597,1106.020789,0.0020833580742590234,69.84119309003592
1144.5275899750213,98.429158,1111.008813,0.0020396483142833717,70.35163727455112
1149.526029755808,98.157588,1115.99987,0.0019962727455032623,70.8454547258481
1154.5244672438916,97.935833,1120.993386,0.0019534654537633114,71.32345840056063
1159.5229065253266,97.762846,1125.988831,0.0019108049616231666,71.78640308521155
1164.5213484681933,97.637578,1130.985703,0.001868032809503242,72.2349897823368
1169.5197915891922,97.558972,1135.983528,0.001831694182958238,72.66987097401936
1174.5182335033874,97.526127,1140.981862,0.0018071289993987453,73.09165529598239
1179.5166786494226,97.538432,1145.980292,0.0017870739349426603,73.50091216837322
1184.5151241252531,97.595385,1150.978413,0.0017662000396830807,73.89817412377673
1189.5135681633221,97.69646,1155.975835,0.0017454492852883744,74.28394068859156
1194.5120152220445,97.841131,1160.972188,0.0017246713104597463,74.65868154746721
1199.5104580823988,98.028868,1165.967104,0.0017037003240520613,75.02283767671396
1204.508905789101,98.259134,1170.960245,0.001683150567456607,75.3768256822867
1209.507362463721,98.5314,1175.951281,0.0016590603542435925,75.72103819472932
1214.50577947763,98.845043,1180.939848,0.0016272741371658732,76.05584254019612
1219.5041795490936,99.19925,1185.925682,0.0016205144566136453,76.38159092712296
1224.502625383397,99.593834,1190.908529,0.0016568518498719295,76.69861929236201
1229.5010769110165,100.029671,1195.887943,0.0017018236281863455,77.00723952981177
1234.4995169435222,100.507848,1200.863458,0.0017467461008289888,77.30774911976638
1239.4979605664628,101.029448,1205.834612,0.0017919951826925649,77.60043258853663
1244.496402621163,101.595554,1210.800893,0.0018371624831858948,77.88555928126323
1249.494846554188,102.207241,1215.761768,0.0018822330795397206,78.16338604585418
1254.4932868412006,102.865573,1220.716665,0.0019273571795770405,78.43415706925369
1259.4917251906809,103.571608,1225.664988,0.001972398986896082,78.6981055737423
1264.4901687420202,104.326394,1230.606115,0.0020171499634082917,78.95545439039877
1269.4886095264571,105.13096,1235.539378,0.0020621170911063443,79.2064155547005
1274.4870471708284,105.986331,1240.464083,0.002107177113932272,79.45119211995406
1279.4854861510528,106.893524,1245.379507,0.002152576347564344,79.68997853826414
1284.4839234421324,107.853551,1250.284884,0.002198025832845391,79.92296057561722
1289.482360142055,108.867413,1255.179417,0.002244017397724574,80.15031636300712
1294.4807955904441,109.93611,1260.062269,0.0022902390313108965,80.37221655655826
1299.479230804222,111.060633,1264.932567,0.0023369056299801317,80.58882490817977
1304.4776633826548,112.241967,1269.789395,0.0023840289236045065,80.80029842457515
1309.4760958003694,113.481092,1274.631801,0.0024316148941104718,81.00678808303938
1314.4745272301993,114.77898,1279.458788,0.0024796506434740014,81.20843880961021
1319.4729565246657,116.136594,1284.269316,0.002528205548800676,81.40538992199251
1324.4713847865492,117.554889,1289.062303,0.0025768980148949266,81.59777551839808
1329.469813548413,119.034801,1293.836625,0.0026261522849092447,81.7857246687468
1334.4682361729763,120.577253,1298.591104,0.0026750120006475,81.96936134988873
1339.4666677093173,122.18314,1303.324543,0.002721442639021555,82.14880578710265
1344.4650973576818,123.853265,1308.035698,0.002773873738331644,82.32417291980157
1349.463495555032,125.588537,1312.723215,0.0028229694702768676,82.49557295764313
1354.461915561884,127.389785,1317.385801,0.0028420962135800097,82.66311504706852
1359.4603586460355,129.257095,1322.02235,0.0028481191730972515,82.82690272484489
1364.4587718141277,131.190209,1326.631819,0.002859326749918597,82.98703421834105
1369.457175483215,133.188999,1331.213181,0.0028718103837774146,83.143606796109
1374.4555734500923,135.253342,1335.765375,0.002885978468024243,83.29671390162956
1379.4539664898127,137.383133,1340.287313,0.0029015132032097733,83.44644576430815
1384.4523448964005,139.578273,1344.777875,0.0029188487667384617,83.59288932778297
1389.4506693788792,141.838668,1349.235886,0.0029308014881692435,83.73612786506384
1394.4490054207242,144.16413,1353.660317,0.002993742963597282,83.8762449539064
1399.4473459950461,146.555538,1358.04946,0.0031821908628679274,84.0133194093159
1404.4456934455468,149.016457,1362.400018,0.0034236164055871303,84.14742781237452
1409.4441525529799,151.551519,1366.707924,0.0036687983743977836,84.27864702626057
1414.4425848013461,154.165137,1370.968596,0.003891145096388671,84.40704513124629
1419.4409637135318,156.861096,1375.177586,0.0039898507943835855,84.53269112555883
1424.4393998557612,159.640486,1379.332024,0.003984236007369094,84.65565530849129
1429.4377788904412,162.502023,1383.430243,0.003913209413246608,84.77600029377597
1434.4361231619323,165.443148,1387.471682,0.0037978549432835136,84.89379019184408
1439.434512909938,168.460486,1391.4566,0.0037073335666269534,85.00908851441503
1444.4328913318868,171.551139,1395.384914,0.0036482033547592368,85.1219537094492
1449.4312660414791,174.712906,1399.256216,0.003596024855505245,85.23244401418205
1454.4296586446912,177.943755,1403.070078,0.003543152122377737,85.34061627375735
1459.428049109635,181.241637,1406.826124,0.0034916038957407956,85.44652479430931
1464.426440641632,184.604567,1410.524045,0.003440889658337646,85.55022284126781
1469.4248329097925,188.030598,1414.163583,0.0033909841550939,85.65176209980231
1474.423226743383,191.517824,1417.744532,0.0033419362536953267,85.75119282963875
1479.4216224205516,195.06438,1421.266733,0.0032937211018650657,85.84856388056755
1484.4200187427698,198.668441,1424.730071,0.0032462584161338888,85.94392272493776
1489.418416255128,202.328223,1428.134476,0.003199586952011866,86.03731556750826
1494.416814807209,206.041982,1431.479918,0.003153750690626201,86.12878734211968
1499.4152140294887,209.808015,1434.766404,0.0031086218163666416,86.21838176438438
1504.4136149541207,213.624659,1437.993979,0.003064063922161987,86.30614140148309
1509.4120163963973,217.490286,1441.162724,0.003020516964658047,86.39210764664496
1514.4104190995922,221.403313,1444.272748,0.002977342133037225,86.47632083048877
1519.4088222526082,225.362189,1447.324196,0.002935196654111246,86.55882019618858
1524.4072248779084,229.365406,1450.317235,0.002893190047592921,86.63964395909176
1529.4056280034533,233.411487,1453.252071,0.0028551251277701573,86.7188293744383
1534.4040333752307,237.49904,1456.128869,0.0028240732779134946,86.79641274588072
1539.4024396663513,241.626794,1458.947683,0.0027954521870093936,86.87242939730909
1544.4008497433213,245.793534,1461.708549,0.0027672694357307897,86.94691381520035
1549.3992614252259,249.998064,1464.411519,0.0027397751991168466,87.01989953550809
1554.3976733864513,254.239215,1467.056658,0.0027128312335103393,87.09141926270989
1559.396087734444,258.515845,1469.644047,0.0026864502538928164,87.16150493056342
1564.3945031301976,262.826833,1472.173778,0.0026599396862905036,87.23018762771636
1569.3929205581253,267.171075,1474.645971,0.0026315212804856863,87.29749770428377
1574.3913387390478,271.547459,1477.06081,0.0026011967039346723,87.36346473128039
1579.3897570942024,275.95487,1479.418545,0.0025708168887772173,87.42811756425863
1584.388177211767,280.392215,1481.719452,0.0025408834719588694,87.49148438237981
1589.3865984620008,284.858425,1483.963819,0.0025114958874250764,87.5535926518653
1594.3850205750996,289.352458,1486.151944,0.0024824450786368204,87.61446918012058
1599.383444404863,293.873297,1488.284139,0.002453744289416614,87.67414014358543
1604.381867641339,298.419946,1490.360727,0.002425449291654591,87.73263105475924
1609.3802922266398,302.991437,1492.382043,0.0023955706475239386,87.78996686879563
1614.378717639525,307.586804,1494.348476,0.0023649976953460366,87.84617192032925
1619.3771417188552,312.205094,1496.260449,0.0023231079351599773,87.90126995200258
1624.3755713125001,316.845279,1498.118669,0.0022660745017415527,87.95528424731486
1629.3740033520407,321.506216,1499.924213,0.0022055993423797447,88.00823743604123
1634.3724314051817,326.186771,1501.678262,0.0021460027408943447,88.06015158784965
1639.370858919167,330.885871,1503.382004,0.002086719115776157,88.11104836487027
1644.369286737991,335.602486,1505.036641,0.002027687338410412,88.16094890098726
1649.3677159386236,340.33563,1506.64339,0.001968971210719553,88.20987384580029
1654.3661442724551,345.084357,1508.203479,0.0019110323687213699,88.25784334337123
1659.364570090225,349.847767,1509.718136,0.001851653829793452,88.30487708494805
1664.362997458019,354.624993,1511.188642,0.0018057469627732277,88.35099436775437
1669.3614290929524,359.415301,1512.615971,0.0017823136524384342,88.39621403774804
1674.3598643351231,364.218138,1514.000569,0.0017660029966891015,88.44055448443477
1679.358304806673,369.033015,1515.342719,0.0017491490772453611,88.48403370418337
1684.3567470332123,373.859444,1516.642722,0.0017324736890348509,88.52666924609888
1689.3551918149083,378.696952,1517.900882,0.001715981912700689,88.5684783050619
1694.3536381449205,383.545075,1519.117504,0.0016996877805563586,88.60947767836127
1699.352085383146,388.40336,1520.292894,0.0016833793086692805,88.649683794407
1704.3505336548515,393.271364,1521.427364,0.001667821381297305,88.68911272502855
1709.348978556681,398.148653,1522.521212,0.001641204984829142,88.72778015311067
1714.347424313654,403.034752,1523.575013,0.00160094511320701,88.76570148467704
1719.345870830283,407.929128,1524.589681,0.0015582477912681168,88.80289175476422
1724.3443167922953,412.831258,1525.566197,0.001516072428789079,88.83936566165133
1729.3427635318035,417.740648,1526.505537,0.001473830531970853,88.87513760349904
1734.341210551152,422.656825,1527.408685,0.0014316421512734075,88.91022165297093
1739.339657570299,427.579339,1528.27663,0.0013894601650242305,88.94463158025508
1744.338106366255,432.507764,1529.110367,0.0013474620101912324,88.97838087276016
1749.3365535567239,437.441691,1529.910891,0.0013053858652254426,89.01148269321624
1754.3350024832214,442.380738,1530.679205,0.001263379883417384,89.04394996717974
1759.3334510543164,447.324538,1531.416314,0.001221524019536604,89.0757953081408
1764.3319002193855,452.272747,1532.123224,0.001179613888469707,89.10703108048108
1769.3303493046483,457.225038,1532.800946,0.001137731549827834,89.13766937545434
1774.328798352956,462.181103,1533.450494,0.00109594682606663,89.16772203247616
1779.327248539746,467.140653,1534.072883,0.0010541474946879265,89.19720064722603
1784.3256981488853,472.103413,1534.669131,0.0010123513234104376,89.2261165536431
1789.3241481808632,477.069127,1535.240259,0.0009706593819525757,89.25448086311144
1794.3226006868776,482.037556,1535.787288,0.0009287966975447845,89.28230445926873
1799.3210531348934,487.008471,1536.311245,0.0008906442780119709,89.30959797214676
1804.3195042670436,491.981668,1536.813067,0.0008575251670342683,89.33637181725298
1809.3179571380244,496.956972,1537.293568,0.0008254451158688462,89.36263621597608
1814.316408834501,501.934215,1537.753537,0.0007930302473128555,89.3884011454289
1819.3148603549648,506.913242,1538.193773,0.0007609024975047087,89.4136763962556
1824.3133125277052,511.893908,1538.615069,0.0007286105830744666,89.43847155519406
1829.311764404397,516.876075,1539.018223,0.000696637938028892,89.46279600197705
1834.310214656158,521.859614,1539.404026,0.0006686692779021287,89.48665892132817
1839.3086602599785,526.84441,1539.77317,0.0006516978094557456,89.51006930134466
1844.3071028276365,531.830379,1540.126074,0.0006372517567920174,89.53303596756729
1849.3055516106008,536.817453,1540.463095,0.0006169735529609937,89.55556759861076
1854.3040047755746,541.805547,1540.784735,0.0005947832094765817,89.577672644185
1859.3024577509725,546.794575,1541.091544,0.0005724621768914219,89.59935937003917
1864.3009102399183,551.78446,1541.384076,0.0005501201299462292,89.62063589274497
1869.2993632052207,556.775131,1541.662886,0.0005277890438795768,89.64151016905933
1874.2978160011137,561.76652,1541.928529,0.0005054746648192237,89.66198998732386
1879.296269558864,566.758565,1542.18156,0.00048324959205769215,89.68208298446602
1884.294723484324,571.751207,1542.422532,0.0004606737702981757,89.7017966374158
1889.2931767698028,576.74439,1542.652007,0.0004397911968020131,89.72113826975114
1894.2916286695695,581.738064,1542.870505,0.00042357010919863463,89.74011505853977
1899.2900821601756,586.732191,1543.07843,0.00040975006485697836,89.75873405033832
1904.288535270707,591.726733,1543.276126,0.000395777122802898,89.7770021313331
1909.2869870570414,596.721655,1543.463941,0.00038185327974989456,89.79492605356756
1914.2854394644316,601.716927,1543.642222,0.00036785053434734954,89.81251244411
1919.283892513894,606.712519,1543.811318,0.00035384931341251214,89.82976779038506
1924.2823442967488,611.708401,1543.971578,0.0003398970747670854,89.84669844365061
1929.2807970151296,616.704549,1544.12335,0.00032590322318216416,89.8633106424629
1934.2792491240562,621.700937,1544.266983,0.00031191613144766186,89.87961048845727
1939.2777023681206,626.697544,1544.402826,0.0002978875679793268,89.89560397268178
1944.2761548837716,631.694347,1544.531229,0.00028390406694855594,89.9112969555192
1949.2746072164186,636.691327,1544.652541,0.0002698820509891353,89.9266951888273
1954.2730594467957,641.688466,1544.767112,0.0002559423693733128,89.94180430899765
1959.2715121941176,646.685748,1544.87529,0.00024184305201068113,89.95662984247325
1964.269964822687,651.683157,1544.977427,0.00022790589941611372,89.97117720272871
1969.2684173417792,656.680679,1545.073871,0.000213810486314958,89.985451698338
1974.2668706432253,661.678302,1545.164974,0.00020003542211002854,89.99945853570084
1979.2653243519417,666.676014,1545.25108,0.00018469929910351046,90.01320281508947
1984.2637766963187,671.673802,1545.332572,0.0001645642319248806,90.02668953277201
1989.2622316992067,676.671658,1545.409953,0.000141903545044151,90.03992360248793
1994.2606860730284,681.669567,1545.483789,0.0001194856985881038,90.05290982199078
1999.2591392400193,686.667518,1545.55464,9.694951659642746e-05,90.06565290240215
2004.2575926596548,691.665503,1545.623069,7.445329940614683e-05,90.07815746780086
2009.2560469595242,696.663514,1545.689638,5.203609802295559e-05,90.090428049603
2014.25450011376,701.661541,1545.754907,2.9581513337393382e-05,90.10246908423996
2019.2529546719554,706.659579,1545.819437,7.085335201316138e-06,90.11428493266858
2024.2514099479672,711.65762,1545.88379,1.5572982776280592e-05,90.12587986300326
2029.249861248079,716.655652,1545.948532,3.711879867785495e-05,90.13725805122108
2034.2482886441283,721.653648,1546.014201,3.7314604547747565e-05,90.1484235586315
2039.2467013740018,726.651617,1546.080802,4.651036639807084e-06,88.72892525471417
2044.2451285581717,731.649602,1546.147287,2.214515553818029e-05,85.63289111647634
2049.2435734151973,736.647612,1546.213219,0.00012904945130857846,82.42062846404136
2054.2420228416872,741.645583,1546.282375,0.0004195072698011132,79.07798339833052
2059.2404712680586,746.643397,1546.362011,0.0007382513540099836,75.58766452469972
2064.2389235879455,751.640887,1546.460089,0.00105659604989035,71.92817374124517
2069.237375586165,756.637789,1546.584559,0.0013778607381807507,68.0722363518568
2074.2358173284697,761.633705,1546.74344,0.0017069718575639665,63.984354757816526
2079.2342595106543,766.628084,1546.944941,0.0020402640775044442,59.616825629164346
2084.2326792805266,771.620126,1547.197363,0.00237341244391245,54.90297408111872
2089.2311379340126,776.608861,1547.508991,0.002739843089329688,50.272720444788334
2094.2291394960707,781.592405,1547.888871,0.003677264923489148,45.6994554958553
2099.2265088902004,786.567497,1548.36021,0.006096745333068753,41.16649994327622
2104.22464984494,791.526685,1548.983,0.00912400030004962,36.70343803834323
2109.2240829353045,796.453591,1549.831486,0.01212377110115085,32.28751524796096
2114.222851804335,801.3194,1550.976734,0.015462364796474434,30.4812962920968
2119.221558912464,806.082163,1552.494351,0.01947411870068863,30.48129618150846
2124.2169101299087,810.671783,1554.466386,0.023848547253335604,30.48129618150846
2129.217221936015,814.998463,1556.972969,0.028487014076760103,30.48129618150846
2134.2137767066465,818.922323,1560.06633,0.030941557575348725,30.48129618150846
2139.193579151293,822.312032,1563.714385,0.024752712978862407,30.48129618150846
2144.183160783206,825.232406,1567.760042,0.01595668091918825,33.1850139683129
2149.183966330679,827.827117,1572.035031,0.009078645273440924,36.74008728631003
2154.1864601527136,830.225893,1576.424885,0.0022545542244546473,39.79542015863868
2159.1901276051435,832.575552,1580.842553,0.004854309876236991,36.26435274304099
2164.1922032103143,835.031014,1585.200473,0.012493480778544777,31.557743430058085
2169.189742539286,837.751301,1589.39278,0.0199786373154688,31.557743430058085
2174.179373470457,840.870831,1593.287,0.02887201972254526,31.557743430058085
2179.1663633618527,844.515477,1596.690913,0.029525509307711136,31.55774337677521
2184.1611272881614,848.627183,1599.526674,0.024575493244289086,31.55774337677521
2189.1584496985724,853.057684,1601.83836,0.019144983182997642,34.040824168958075
2194.1570845941833,857.690062,1603.716504,0.014372711063049704,37.0851568337338
2199.1569476320074,862.446513,1605.257544,0.010991114909671827,40.07969436401366
2204.15650741194,867.280141,1606.5349,0.007557830058369823,42.615124603293374
2209.153880570118,872.156433,1607.628296,0.002273167274988489,44.82616721443914
2214.1514252702127,877.044999,1608.666263,0.0009638675793772396,46.794227297851506
2219.149840845743,881.929359,1609.727953,0.0016724423858846694,48.57152384933661
2224.1482891074334,886.804705,1610.830444,0.0018122145526613298,50.193688427948175
2229.1467225223987,891.66985,1611.977048,0.0018152509254485076,51.686805805038794
2234.145164975334,896.5244,1613.16775,0.0017320752757648366,53.07050880196648
2239.1436069696033,901.368459,1614.400436,0.0016345044968175675,54.35998175812013
2244.142047512315,906.202284,1615.672656,0.00153740574158355,55.56725683532383
2249.140483072641,911.026185,1616.981983,0.0014532019636540982,56.7020541958502
2254.138919466947,915.840449,1618.326315,0.001384111983416704,57.77235945087009
2259.137360839342,920.645302,1619.703923,0.0013171800948992452,58.784824534559434
2264.135804350389,925.440983,1621.113136,0.001249829600075882,59.74505769932174
2269.1342480475496,930.227767,1622.552281,0.0011826242463552031,60.65783956475696
2274.132692567467,935.005961,1624.019697,0.0011153522676294728,61.527284264345184
2279.1311382479385,939.775901,1625.513729,0.0010481631846897001,62.356961781817944
2284.129583876953,944.537948,1627.032731,0.000980919994708807,63.14999310307778
2289.128031609082,949.292492,1628.575064,0.000913658502813868,63.90912594818417
2294.1264785022076,954.039942,1630.139094,0.0008464737020315335,64.63679305619327
2299.124926423342,958.780733,1631.723197,0.0007791403201294374,65.33516167536098
2304.1233745739496,963.515319,1633.325751,0.0007119937256260658,66.00617138359236
2309.1218240415897,968.244173,1634.945145,0.0006446747101001587,66.6515666878151
2314.1202743962417,972.967785,1636.579769,0.0005774832245703486,67.27292295881877
2319.118724804456,977.686659,1638.228021,0.0005101243378250044,67.8716685951762
2324.1171753199837,982.401315,1639.8883,0.0004429629462896194,68.449103629584
2329.115626498975,987.112284,1641.559014,0.00037567054324526413,69.00641524605814
2334.114077170491,991.820107,1643.238571,0.0003084369813396268,69.54469076686757
2339.11252463185,996.525332,1644.925383,0.00024773518316897365,70.06492901233129
2344.1109746143215,1001.228467,1646.618021,0.00019422459429006088,70.56805103572044
2349.1094272192463,1005.929959,1648.315225,0.00014177479512132574,71.05490699971568
2354.1078818575716,1010.630249,1650.015761,8.900740220138524e-05,71.52628400453955
2359.10633653069,1015.329782,1651.718388,3.6476317626187593e-05,71.98291236206198
2364.1047917462524,1020.029005,1653.421872,1.61300089932205e-05,72.42547149500027
2369.103246612571,1024.728365,1655.124977,6.86747071367423e-05,72.85459442518396
2374.101702176952,1029.42831,1656.826469,0.00012122973069159995,73.27087234987363
2379.100158617826,1034.129286,1658.525113,0.00017376804258591055,73.67485817513582
2384.0986143984846,1038.831735,1660.219673,0.00022633062920010612,74.06706981747742
2389.097070123495,1043.536098,1661.908912,0.0002789145503352851,74.4479935027702
2394.095526414675,1048.242812,1663.591591,0.0003313911275035994,74.81808624977113
2399.093981851151,1052.952306,1665.266471,0.00038406798765573696,75.17777810727227
2404.0924376421226,1057.665007,1666.932307,0.0004366124675503603,75.52747464066141
2409.0908931410577,1062.381332,1668.587854,0.0004892927260505925,75.86755852576368
2414.089347712716,1067.101691,1670.231861,0.000541983676846842,76.19839142557545
2419.0878018380827,1071.826486,1671.863074,0.0006100268828424791,76.52031562923759
2424.086257114456,1076.556234,1673.479873,0.0008433030456908796,76.83365546289708
2429.084653212353,1081.292699,1675.076702,0.0015121523458061985,77.13871473055559
2434.0829914957717,1086.041043,1676.637668,0.002215761315311835,77.43578571364101
2439.0813953085517,1090.806446,1678.14597,0.0027178813987616566,77.72515321708684
2444.0798771148093,1095.591974,1679.589418,0.0031671983376341277,78.00708153340855
2449.0783629830685,1100.399757,1680.956928,0.0036282715259519666,78.28181753634092
2454.0768351329666,1105.231536,1682.23702,0.004095458623061677,78.54959972555707
2459.075274405774,1110.088474,1683.41793,0.004566139709771026,78.81065556675108
2464.0736842665224,1114.971069,1684.487681,0.005044599814108612,79.06520340377428
2469.0720591394584,1119.879049,1685.433981,0.005514712996690812,79.31345137471521
2474.070327493625,1124.811141,1686.244632,0.0060867163314396585,79.55559530218736
2479.068536307217,1129.765551,1686.904869,0.006828144513371037,79.7918283272336
2484.0667257817913,1134.739586,1687.395658,0.0076125988484173355,80.02233493872343
2489.06489404834,1139.72867,1687.696867,0.008421857470759748,80.24728990628236
2494.0630121464387,1144.72596,1687.787846,0.009188073422436289,80.46685960748057
2499.0610837277413,1149.722111,1687.649301,0.009736151867230074,80.68120512480331
2504.0591194309736,1154.705571,1687.267873,0.010169084359482454,78.49743023675987
2509.0570294019517,1159.66309,1686.633752,0.010644217947966541,75.24736404132659
2514.054736865301,1164.579673,1685.736929,0.011236223806343237,72.19298220057244
2519.0522471365944,1169.437972,1684.565588,0.012024038521855537,69.42201403550717
2524.0497391198755,1174.217128,1683.104563,0.012782663681356048,68.17928277253887
2529.0472764529886,1178.89329,1681.341359,0.013499308549029539,68.17928277253887
2534.044783829184,1183.4399,1679.266891,0.01404535531881993,68.1792826736799
2539.0422624007692,1187.829764,1676.87861,0.013991612964662618,68.1792827725383
2544.039764786109,1192.042023,1674.18939,0.013525061311809965,68.59625128658807
2549.037292338761,1196.063015,1671.221747,0.012993000746735208,69.14839880756072
2554.0348411863847,1199.88295,1667.999389,0.012499325740153852,69.68178790238669
2559.0323847228647,1203.494239,1664.544822,0.012087158998095301,70.1973928001816
2564.029948552812,1206.890371,1660.878498,0.011930808722674536,70.69611700937958
2569.0276271347307,1210.062029,1657.016196,0.011835141315309427,71.17880210777216
2574.0254306600254,1212.999861,1652.973031,0.011678011225044702,71.64621946635386
2579.0232849434433,1215.696839,1648.765317,0.011530482732383145,72.0990776933414
2584.0210926743757,1218.146937,1644.409275,0.011086261365730097,72.53803450816994
2589.0189662585976,1220.352039,1639.924159,0.010063906724592895,72.96372141497434
2594.01698204135,1222.328883,1635.333707,0.008988029067367008,73.37672483181143
2599.0150739455316,1224.097596,1630.659033,0.007971817417509991,73.7775818077834
2604.013243557956,1225.678708,1625.917537,0.007036724138361041,74.16680131396161
2609.011462217383,1227.092119,1621.123326,0.0063593562353097466,74.5448589312151
2614.0097185396853,1228.352458,1616.28658,0.005806048359818313,74.91220324140464
2619.008017137173,1229.471927,1611.415258,0.0052521531885982315,75.26925784847178
2624.0063472572792,1230.463146,1606.516198,0.004698474929600271,75.61642111710334
2629.0047050142834,1231.339052,1601.595185,0.004147878313059177,75.95406969132553
2634.003090873435,1232.112754,1596.657043,0.003601099197309716,76.28255994752368
2639.001498030993,1232.797452,1591.705754,0.003065266107575588,76.60222873916652
2643.999923198361,1233.406213,1586.744538,0.002577472087397218,76.9133955128398
2648.998358460047,1233.951009,1581.775881,0.0021312999787148055,77.21636304013334
2653.99678390617,1234.442842,1576.801712,0.00150446538265719,77.51141816251813
2658.9952114669973,1234.897256,1571.823983,0.0007084569322592313,77.79883543777318
2663.99366016048,1235.334042,1566.844655,0.0002909716065358684,78.07887646503696
2668.9921138743102,1235.763586,1561.864692,0.00013915442710456756,78.35178841246675
2673.990567018434,1236.189666,1556.884432,4.049492980109598e-05,78.61780749314296
2678.9890210239837,1236.614738,1551.904085,5.519643532213803e-05,78.87715944101066
2683.9874744931435,1237.041184,1546.923856,0.00015093116945252992,79.13005964157128
2688.985927096723,1237.471387,1541.943951,0.00024254852349425585,79.37671396473317
2693.9843779171756,1237.907627,1536.964573,0.00030244012697937874,79.6173192525473
2698.982828905898,1238.351394,1531.98586,0.00030158767828986424,79.85206401530135
2703.981282528336,1238.802666,1527.007819,0.00027125357532842704,80.08112879811097
2708.979735580253,1239.260687,1522.030395,0.00023743405927493537,80.30468635737994
2713.9781897228922,1239.724615,1517.053517,0.00020365848439606393,80.52290257294655
2718.9766427073305,1240.193609,1512.077115,0.00016981715235940217,80.73593644013991
2723.9750965814333,1240.666827,1507.101112,0.00013597965486224537,80.94394079528313
2728.9735502445574,1241.143427,1502.125432,0.00010225039193474003,81.14706233106853
2733.9720041459695,1241.62257,1497.149996,6.8401654418756e-05,81.34544211436963
2738.970457154229,1242.103414,1492.174725,3.465704826758132e-05,81.5392157525203
2743.9689115409524,1242.58512,1487.199536,7.685676304473199e-07,81.72851386449044
2748.9673647727254,1243.066845,1482.22435,3.293627090444275e-05,81.91346202004324
2753.965818768872,1243.547751,1477.249084,6.682867556833873e-05,82.09418133599343
2758.9642723990473,1244.026995,1472.273658,0.00010060160116014981,82.27078841841043
2763.9627256676217,1244.503737,1467.297992,0.0001343745025631603,82.44339573138684
2768.9611798518868,1244.977137,1462.322006,0.00016825177956582453,82.61211179585996
2773.9596336654326,1245.446352,1457.345624,0.0002019623934037327,82.7770412451261
2778.9580863374485,1245.910543,1452.368772,0.00023611523950264464,82.93828510940865
2783.9565396350295,1246.36886,1447.391375,0.0002678364599581575,83.09594104277956
2788.954992812608,1246.820513,1442.413369,0.0002952496475822921,83.25010331423759
2793.953445865156,1247.264819,1437.434702,0.00044229298071496226,83.40086306137205
2798.951896814203,1247.698117,1432.455067,0.0011787430503020504,83.54830834625496
2803.9503201792327,1248.102066,1427.472993,0.0027500190153342974,83.69252367192014
2808.9486926696895,1248.437493,1422.485888,0.004078391733950941,83.17223056021376
2813.947041937887,1248.671191,1417.493005,0.0049132785870766565,79.86111829542591
2818.9453770445807,1248.782211,1412.495903,0.00573670315300439,76.40666216942812
2823.9436813906773,1248.749914,1407.497703,0.006617220625876867,72.78846855439862
2828.94190357735,1248.552347,1402.503387,0.007554254085599179,68.98081732144124
2833.9400097065813,1248.166391,1397.520205,0.008829134313112436,64.95042491298318
2838.9379812065663,1247.560981,1392.559036,0.010368611607965672,61.113350251788845
2843.9357729152466,1246.699408,1387.636068,0.011954515771157043,57.673022532650855
2848.9333433675615,1245.545433,1382.773553,0.013607329530435235,55.89906431472491
2853.9307861780244,1244.063691,1378.000831,0.015064031496447139,55.89906431472491
2858.928067659795,1242.227169,1373.35325,0.015815546680899652,55.89906431472491
2863.925059817458,1240.029487,1368.865475,0.016103553354195513,55.89906431472491
2868.921651235244,1237.478303,1364.569269,0.01607259395353673,55.89906431472491
2873.918539939082,1234.590422,1360.491397,0.015515555048280137,56.17715635876067
2878.9159748063166,1231.394937,1356.649102,0.013971081502048725,57.27665445263174
2883.913636760777,1227.938974,1353.038985,0.012227659579717583,58.31540108342238
2888.9115182559776,1224.268788,1349.646559,0.010543416855910603,59.299452135910144
2893.9095570099876,1220.424873,1346.452078,0.008841895326579006,60.2339348539535
2898.9077587481415,1216.443443,1343.43045,0.007419866336396459,61.12325509013029
2903.906213985622,1212.3525,1340.558388,0.006434536816260291,61.97123581452171
2908.9047111857585,1208.171276,1337.819348,0.005530593823539454,62.781158755011624
2913.903023326816,1203.916096,1335.197027,0.004466010541508533,63.555903141638154
2918.901274456526,1199.603496,1332.67037,0.0027735169174201283,64.29806538117126
2923.8996502532486,1195.256176,1330.203678,0.0010115931002491504,65.00995960570044
2928.898101865445,1190.896373,1327.758962,0.00041743922023532783,65.69361915141548
2933.8965540176637,1186.531478,1325.323348,0.0003415252826128178,66.35086562051407
2938.895007919812,1182.16243,1322.895188,0.0003208200282658749,66.98335113215425
2943.8934604640226,1177.789495,1320.474038,0.00030048861519440634,67.59257046228346
2948.8919146285643,1173.412927,1318.059458,0.0002799909862044963,68.17988238192044
2953.890367685228,1169.032985,1315.651006,0.0002596484634582105,68.74652505099311
2958.888821770741,1164.64992,1313.24824,0.00023908891756769642,69.29363156920365
2963.887275451747,1160.263987,1310.850714,0.00021901877432192922,69.82224116143662
2968.8857290468854,1155.875432,1308.457991,0.00020036709501825418,70.33331021226395
2973.8841835841827,1151.484482,1306.069664,0.0001827156238748215,70.82772110985151
2978.8826365091995,1147.091354,1303.685349,0.00016494876990255904,71.30628959425107
2983.881091313345,1142.69626,1301.304656,0.0001473358819979375,71.7697724541986
2988.87954489731,1138.299415,1298.927201,0.00012962335398775557,72.21887219817324
2993.8779990847024,1133.90103,1296.552595,0.00011187277344472691,72.65424331236693
2998.8764530785147,1129.501318,1294.180449,9.426869404760214e-05,73.07649609886299
3003.8749079111835,1125.100488,1291.810376,7.651826047679205e-05,73.48620108287916
3008.8733614185744,1120.698753,1289.441987,5.891691086585342e-05,73.88389214140093
3013.8718157386757,1116.29632,1287.074894,4.116919907706782e-05,74.27007027272099
3018.8702700442955,1111.8934,1284.708707,2.344045870439862e-05,74.645205813775
3023.8687241154107,1107.490203,1282.343036,5.855384294110944e-06,75.00974124506602
3028.86717791839,1103.086937,1279.977494,1.1889678851797495e-05,75.36409340493854
3033.8656323933546,1098.683811,1277.61169,2.952895197918346e-05,75.70865556408948
3038.864087139158,1094.281034,1275.245236,4.7276648249212325e-05,76.04379908306028
3043.862541135658,1089.878817,1272.877742,6.489698649672969e-05,76.36987511653894
3048.8609953708874,1085.477368,1270.50882,8.273415578332058e-05,76.68721627300032
3053.8594496370106,1081.076899,1268.138078,0.00010006982831192916,76.99613774909328
3058.8579043377495,1076.677616,1265.765135,0.00011637009151666497,77.29693867481323
3063.8563579192887,1072.279715,1263.389634,0.00013178924034809093,77.5899030749665
3068.854812407558,1067.883379,1261.011236,0.0001473387763723555,77.87530121845134
3073.853266670339,1063.488796,1258.629601,0.0001627447508090923,78.15339014830704
3078.851720759797,1059.096152,1256.244392,0.0001783136482915594,78.42441479253324
3083.8501744662335,1054.705636,1253.855269,0.0001937229477088241,78.68860866108807
3088.8486275826613,1050.317436,1251.461896,0.00020931125186851788,78.94619457958102
3093.8470811846273,1045.931742,1249.063933,0.00022477840912373483,79.19738541434054
3098.8455347703207,1041.548745,1246.661044,0.0002403194889386743,79.44238453355581
3103.843987869686,1037.168638,1244.252892,0.0002558064876843154,79.68138645608316
3108.8424418047166,1032.791613,1241.839141,0.0002713904598810904,79.91457745259106
3113.8408950065696,1028.417867,1239.419455,0.0002868856940207397,80.14213580324353
3118.8393473946057,1024.047596,1236.9935,0.00030249026367564375,80.36423245376365
3123.837799779815,1019.680998,1234.56094,0.00031833259247666436,80.58103139464048
3128.836252329786,1015.318276,1232.121435,0.00033426918497586215,80.79268997572456
3133.8347049750832,1010.959636,1229.674644,0.0003505336582908153,80.99935928373675
3138.833157361522,1006.60529,1227.22022,0.00036654024948618057,81.2011844742466
3143.831606459666,1002.255451,1224.757824,0.00038284669521186843,81.3983049890145
3148.83005452333,997.910333,1222.287109,0.00040342298619889047,81.59085516381141
3153.828504892632,993.570204,1219.807636,0.0004306674191154175,81.77896431695896
3158.8269570381276,989.235421,1217.318825,0.0004582522464798611,81.96275681619912
3163.825408165246,984.906351,1214.820092,0.00048592895215585037,82.14235239013254
3168.8238603546943,980.583362,1212.310851,0.0005135957899029256,82.31786660971464
3173.8223112963283,976.26683,1209.790521,0.0005412720311576651,82.48941075882672
3178.820761773007,971.957133,1207.258522,0.0005688742334392144,82.65709229793003
3183.8192135620006,967.654652,1204.714278,0.000596546641382043,82.8210149669123
3188.8176636851485,963.359778,1202.157217,0.0006242243079661561,82.98127877021035
3193.8161153496017,959.072902,1199.586767,0.0006518384466032504,83.13798049936366
3198.8145655400044,954.794425,1197.002364,0.0006795902328150535,83.29121348422748
3203.8130164628765,950.524751,1194.403442,0.0007071869139168448,83.44106810180527
3208.8114667182663,946.264291,1191.789444,0.0007348838440616514,83.58763163624043
3213.8099165903905,942.013462,1189.159814,0.0007625800810406689,83.73098857107664
3218.808366782522,937.772687,1186.514,0.0007902650487026632,83.87122066996103
3223.8068173246106,933.542396,1183.851455,0.0008179294424459848,84.00840706051078
3228.805266475262,929.323027,1181.171638,0.0008456252501577657,84.14262431583946
3233.8037165256687,925.115022,1178.47401,0.0008732813554938564,84.27394671516119
3238.8021658016564,920.918833,1175.75804,0.0009004397827919086,84.4024461244392
3243.80061569429,916.73491,1173.023211,0.0009270781804007526,84.5281922770195
3248.799064337678,912.563706,1170.269024,0.0009536906173860884,84.65125269757857
3253.7975135742295,908.405678,1167.494984,0.000980423450053619,84.77169296203908
3258.795962013633,904.261295,1164.700601,0.001007059047434679,84.88957660360842
3263.7944100151008,900.131031,1161.885392,0.0010302505578618705,85.00496531141798
3268.792854450463,896.015322,1159.048953,0.0010355390020267852,85.11791887957408
3273.791298558023,891.91435,1156.191249,0.0010227940669698692,85.22849550160768
3278.789749050635,887.828036,1153.312613,0.0010181360660151723,85.33675175779562
3283.7881989806187,883.756425,1150.413219,0.0010046072503042873,85.44274230649867
3288.7866508035754,879.699423,1147.493415,0.00097678179793143,85.54652045269152
3293.785102569686,875.656725,1144.553838,0.0009460101401437204,85.64813790270671
3298.7835520991184,871.627974,1141.595179,0.0009157555468317066,85.74764491060974
3303.7820016425585,867.612808,1138.61811,0.000885377686468482,85.84509042061958
3308.780452877722,863.610855,1135.6233,0.0008551383208873768,85.94052201155397
3313.7789034184166,859.62174,1132.611412,0.0008248184230862123,86.03398587979987
3318.777354375301,855.645076,1129.583103,0.0007946706849904404,86.12552703048213
3323.7758055365484,851.680472,1126.539022,0.0007645245531256178,86.2151892271568
3328.7742563126435,847.72753,1123.479813,0.0007336716423743929,86.30301505196063
3333.7727075446787,843.785833,1120.406128,0.0007013823718611304,86.38904597666912
3338.771158789798,839.854936,1117.318643,0.0006682931638916663,86.47332235203196
3343.769610605575,835.934374,1114.218044,0.0006354135356993984,86.55588348382402
3348.7680618129853,832.02368,1111.105009,0.0006025044232481121,86.63676762144623
3353.76651418203,828.122378,1107.98021,0.0005695573658594812,86.71601206823163
3358.7649650183375,824.229989,1104.844318,0.0005365827650605405,86.79365309335842
3363.763416774258,820.346024,1101.697997,0.0005037167810146374,86.86972611573103
3368.761869981532,816.469992,1098.541906,0.00047032268438028174,86.94426561989448
3373.7603210103257,812.601392,1095.376713,0.0004405338418709223,87.01730515452934
3378.7587721531554,808.739771,1092.203009,0.0004233959197179075,87.08887751000022
3383.7572274870145,804.884872,1089.021137,0.00041453492425035543,87.15901467762401
3388.755681806313,801.036575,1085.831285,0.0004043092601430684,87.22774772022817
3393.754135207901,797.194733,1082.633663,0.0003946692512502182,87.29510700570208
3398.752590613044,793.359205,1079.428467,0.0003848156278218814,87.36112219002563
3403.751045018709,789.52985,1076.2159,0.0003750964827767999,87.4258221226785
3408.749499396085,785.706525,1072.996159,0.0003653527009015855,87.48923500145008
3413.74795411432,781.889086,1069.769441,0.0003556712227366746,87.5513883310884
3418.746409502718,778.077389,1066.535941,0.0003445408988714874,87.61230895089538
3423.7448639640857,774.271267,1063.295882,0.00033064261729066826,87.6720230314945
3428.743318489203,770.470505,1060.049537,0.0003182516118950187,87.73055614851306
3433.7417729922886,766.674912,1056.79715,0.0003093604758599381,87.78793325534646
3438.740228526312,762.884352,1053.538897,0.00030108679363657003,87.84417872660276
3443.7386825553103,759.098701,1050.274944,0.0002928185561512067,87.89931632135864
3448.737133020588,755.317834,1047.005456,0.0002812463756711411,87.95336924713676
3453.735582119374,751.541568,1043.730657,0.0002566883538398291,88.00636021485774
3458.7340336279335,747.769505,1040.451014,0.00021697512306312114,88.05831142151146
3463.7324866236427,744.001,1037.167281,0.000172902592420313,88.10924449918828
3468.7309400954355,740.235334,1033.880292,0.00012844273819833554,88.15918057997544
3473.7293936633764,736.471779,1030.590886,8.501096479783432e-05,88.20814031658902
3478.7278473445335,732.709622,1027.299881,4.926780496932023e-05,88.25614389257309
3483.726300449293,728.948276,1024.00795,3.1062985792484055e-05,88.3032110241863
3488.724755113402,725.18744,1020.715434,2.6601243203176312e-05,88.34936100590424
3493.7232082128953,721.427043,1017.422419,2.5614725856134603e-05,88.39461264653542
3498.7216621748303,717.667067,1014.128922,2.4590605509006762e-05,88.4389843813469
3503.720115935517,713.907496,1010.834963,2.337068409508719e-05,88.48249419959177
3508.7185694528557,710.14831,1007.540565,2.1924833187866162e-05,88.52515969680886
3513.7170230453908,706.389485,1004.245755,2.064842953666839e-05,88.56699807883157
3518.7154767417283,702.631,1000.950557,1.9285445130660165e-05,88.60802616625304
3523.7139299938344,698.872833,997.654997,1.7956260086676092e-05,88.64826040214446
3528.712384314401,695.114961,994.359099,1.684560015775954e-05,88.68771688280263
3533.71083801556,691.357367,991.062885,1.565576889298048e-05,88.7264113246373
3538.709291657534,687.600031,987.766377,1.4522413776978354e-05,88.76435911688
3543.707745701473,683.842934,984.469596,1.3498339049493271e-05,88.8015753110637
3548.7061990071497,680.08606,981.172562,1.2282101456276694e-05,88.83807461853185
3553.704652867676,676.329388,977.875297,1.1201551993836736e-05,88.87387144860531
3558.703106224145,672.572901,974.577822,1.0071865385230449e-05,88.90897988116953
3563.7015609273417,668.816579,971.280157,8.987645695073925e-06,88.94341371220511
3568.7000144983795,665.060406,967.982324,7.827888258217978e-06,88.97718641037532
3573.6984681202844,661.304362,964.684344,6.720931105707901e-06,89.01031118005912
3578.696921469844,657.548429,961.386238,5.644057597885816e-06,89.04280093239514
3583.6953748809046,653.792589,958.088026,4.5107005417368475e-06,89.07466830685875
3588.6938287765574,650.036823,954.789729,3.347270995118813e-06,89.10592567392881
3593.6922829181017,646.281112,951.491369,2.240295847314781e-06,89.13658513687507
3598.690736973895,642.525438,948.192967,1.216218476822017e-06,89.16665854183553
3603.689189768529,638.769785,944.894543,3.162649322593914e-07,89.19615747951647
3608.68764417694,635.014136,941.596112,4.855695671793543e-07,89.225093319901
3613.686097245998,631.25848,938.297691,1.302815190475544e-06,89.25347715965214
3618.684551007842,627.502802,934.999294,2.1537482373118964e-06,89.28131989114591
3623.6830054238835,623.747088,931.700937,2.951850680270186e-06,89.30863216665445
3628.681458953451,619.991326,928.402636,3.772730413141793e-06,89.33542440780568
3633.6799122194,616.235502,925.104406,4.619997447360045e-06,89.36170683076902
3638.6783665971593,612.479601,921.806262,5.421785870029309e-06,89.38748944287744
3643.6768191382766,608.723612,918.508221,6.235320592817398e-06,89.41278202146512
3648.67527329234,604.967519,915.210296,7.0635100455910995e-06,89.43759417393517
3653.6737268658912,601.21131,911.912504,7.884363482363418e-06,89.46193528068372
3658.672180490129,597.454971,908.61486,8.705224480417126e-06,89.48581454271905
3663.670634798678,593.698488,905.317379,9.559838701363689e-06,89.50924097150038
3668.6690883569495,589.941848,902.020078,1.0294126187691637e-05,89.53222338369807
3673.667542371919,586.185038,898.72297,1.1205228925650523e-05,89.55477042750613
3678.6659955071045,582.428044,895.426073,1.1996000807394907e-05,89.57689056259876
3683.664449068002,578.670852,892.129401,1.2816850769721266e-05,89.59859208767392
3688.6629037041707,574.913448,888.832969,1.3618690035319305e-05,89.61988312914823
3693.6613564949607,571.155821,885.536794,1.4518721062214607e-05,89.64077163301445
3698.659810353415,567.397954,882.240891,1.5399741189361578e-05,89.66126540846743
3703.658264623251,563.639833,878.945277,1.6310867591596826e-05,89.68137209134373
3708.6567179940016,559.881444,875.64997,1.715809883206972e-05,89.7010991604984
3713.655171890339,556.122772,872.354985,1.8069234310810357e-05,89.72045395454842
3718.6536250129548,552.363803,869.06034,1.89729339148968e-05,89.7394436534208
3723.6520788910098,548.604521,865.766051,1.985396798215176e-05,89.75807530326463
3728.6505328967937,544.844912,862.472135,2.0791493059387645e-05,89.77635580035147
3733.648986502463,541.084961,859.17861,2.1668805716493686e-05,89.79429190300199
3738.647440505131,537.324653,855.885492,2.2493372890096076e-05,89.81189023884752
3743.6458942042973,533.563975,852.592797,2.348739011047973e-05,89.82915729755297
3748.644347187782,529.802911,849.300544,2.430445165772103e-05,89.84609944021446
3753.642801592439,526.041446,846.008747,2.524574044871898e-05,89.86272290955581
3758.6412555176125,522.279566,842.717425,2.6126812627849784e-05,89.8790338103483
3763.63970838829,518.517257,839.426595,2.7000325509651554e-05,89.89503813049298
3768.638162460185,514.754503,836.136272,2.791151398053562e-05,89.91074174791247
3773.636616517608,510.99129,832.846474,2.884906649915006e-05,89.92615041280757
3778.6350701073693,507.227603,829.557219,2.966986892297147e-05,89.94126976395737
3783.6335240071703,503.463428,826.268522,3.103288875607599e-05,89.95610533228567
3788.631977793092,499.698743,822.980409,3.2539021769794844e-05,89.97066253577982
3793.6304305905046,495.933524,819.692909,3.409397259220095e-05,89.9849466842683
3798.6288844608807,492.167744,816.40605,3.565656643431485e-05,89.99896299127525
3803.6273386636617,488.401378,813.119862,3.71627104953713e-05,90.01271655964257
3808.6257923828352,484.634402,809.834374,3.87516493017244e-05,90.02621239177383
3813.624245673715,480.86679,806.549616,4.0223765889885384e-05,90.03945539424448
3818.622699831805,477.098517,803.265615,4.1873038647161504e-05,90.05245038057933
3823.6211536445903,473.329557,799.982403,4.3349040896806674e-05,90.06520206338577
3828.6196070438195,469.559886,796.700008,4.4907788398517026e-05,90.07771506605745
3833.6180608373306,465.789478,793.418459,4.641397616326329e-05,90.08999392374277
3838.616514350252,462.018309,790.137785,4.805938127140183e-05,90.10204307932057
3843.614967885464,458.246352,786.858017,4.9535384435443514e-05,90.11386689138254
3848.6134214790186,454.473583,783.579183,5.112431392047113e-05,90.12546963290274
3853.6118753927153,450.699976,780.301313,5.260031101587575e-05,90.1368554941605
3858.610329719689,446.925507,777.024435,5.419323490277981e-05,90.14802858351291
3863.608783371346,443.150151,773.74858,5.51369861794371e-05,87.55445773650341
3868.6072440624444,439.373887,770.473761,2.360271754866858e-05,84.41533814950057
3873.605673484658,435.598033,767.198517,0.0006433413767666337,81.15490704384698
3878.6038645512413,431.83291,763.911305,0.0022199501781493647,77.75804975759388
3883.6019454737393,428.104574,760.582593,0.0038799747528008403,74.20594021016541
3888.6004639879034,424.44117,757.181908,0.004946733613207943,70.47468739160838
3893.599204432176,420.862809,753.69153,0.006054264595123858,66.53433395596215
3898.597816631902,417.391794,750.094562,0.007274869147035663,62.345548978199716
3903.5963101946436,414.053931,746.373862,0.008541171446942199,58.162899805985695
3908.59453644975,410.878087,742.514292,0.009826757457443375,54.22628485057404
3913.592096458535,407.895969,738.503983,0.011150983380850762,50.50784347949924
3918.5898519057096,405.141777,734.333613,0.013080754588026374,46.9746499701473
3923.58830600809,402.665634,729.991579,0.016167647074214656,46.9746499701473
3928.5855116507582,400.548667,725.464934,0.018715997217679057,46.9746499701473
3933.5814530598004,398.864233,720.761519,0.01765357357455681,46.9746499701473
3938.57718575132,397.600814,715.928185,0.013895839830546557,48.41142661214224
3943.573492317799,396.67568,711.018276,0.011188281347131259,50.046260460008696
3948.5712322561476,396.026202,706.062917,0.008900220893692327,51.55044458610758
3953.5681426775827,395.597784,701.084406,0.006997077018402466,52.94337328139763
3958.5663338268473,395.343626,696.092681,0.005262309989226267,54.24117075923477
3963.565494291676,395.220826,691.095029,0.0037298277250221255,55.45597929972812
3968.565079886105,395.191231,686.095531,0.002358029189729205,56.597545467139575
3973.5649240259127,395.22058,681.095773,0.001052213752697636,57.673950532520735
3978.5644227254156,395.276227,676.096584,8.528925239021919e-05,58.691831820724396
3983.562842091946,395.329731,671.098451,0.0015321138207634324,59.65676144942314
3988.560331289802,395.344958,666.100985,0.004009810864074619,60.573651425793315
3993.558109854042,395.260035,661.103928,0.006663437200505347,61.44690823843554
3998.556250916385,395.008744,656.112108,0.008411338167002205,62.28015191302378
4003.5542688164205,394.547874,651.135384,0.009693418264788827,63.076456511416886
4008.5520670935202,393.84654,646.187039,0.010199988722330758,63.83858935038358
4013.5498748615587,392.893943,641.280855,0.010021365288584232,64.56904791785625
4018.547782419096,391.696866,636.428424,0.009884592362915966,65.270034189755
4023.5457632562993,390.261579,631.640965,0.009791997646599682,65.943502024748
4028.5437489644087,388.59378,626.929457,0.009723461791419273,66.59120261937821
4033.54174338081,386.699046,622.304532,0.009678362603430773,67.21472642758327
4038.5397455346015,384.582872,617.776637,0.009626208499777475,67.81551446149486
4043.537719020402,382.251379,613.355791,0.00939277049163049,68.39487361446676
4048.5357274862945,379.714958,609.049208,0.008924589314305273,68.95400828350212
4053.5337681447877,376.988994,604.859992,0.008413416019996471,69.49401390849474
4058.531783707649,374.089335,600.789103,0.007757652935587769,70.01589100868586
4063.5294836105486,371.034243,596.833927,0.006343590700716597,70.52053796099737
4068.5269316553013,367.855473,592.977775,0.004457507570072635,71.00882039418183
4073.524847932131,364.591287,589.193035,0.003049186397366087,71.48160110220735
4078.5237516904685,361.269142,585.457745,0.0018251546201563272,71.93965864310816
4083.5234286172,357.912534,581.75235,0.0004817840092440367,72.38364958804951
4088.5224977460975,354.54742,578.0555,0.0009170935286037137,72.81408669529296
4093.520951576526,351.199701,574.343719,0.0025096581977368036,73.23156941110832
4098.519959939008,347.898443,570.589817,0.0043960060900479605,73.63675342712668
4103.518229571694,344.680941,566.764849,0.006382043232461883,74.03005458635539
4108.518043903901,341.586137,562.837976,0.008847563029930665,74.41214119713528
4113.516045130003,338.669054,558.779572,0.011465810303096782,74.78321416973296
4118.510751016132,335.990924,554.563566,0.011400703673733607,75.14361107027527
4123.508904948857,333.555517,550.198897,0.00953009721131679,75.49423119569165
4128.507324761574,331.330603,545.722966,0.008233209466271353,75.83522206450068
4133.504642548706,329.292161,541.160298,0.0072423178420280175,76.16685521379048
4138.5018872186465,327.420186,536.526923,0.006586810862447643,76.48954687904673
4143.499376019987,325.701636,531.834218,0.006206525355046027,76.80364301701096
4148.497735163994,324.129188,527.089642,0.005864395836441799,77.1094894841043
4153.496344866693,322.696407,522.300776,0.005499759620372705,77.40733846416083
4158.495017043928,321.395791,517.474274,0.005144378435285787,77.6974566705393
4163.493902709669,320.219661,512.615717,0.004800627498452243,77.98011754350831
4168.492832790954,319.160447,507.730293,0.004531892698448548,78.25556335514412
4173.491780282251,318.212172,502.822111,0.004403106389072725,78.52403310753175
4178.490432963836,317.3722,497.894538,0.0042179998564377255,78.78573992032574
4183.488540573351,316.636378,492.950891,0.0035721482617656294,79.04089126405513
4188.486602955227,315.988939,487.99494,0.002443994885715693,79.28972328731757
4193.484955404812,315.402053,483.031162,0.0012337460495234556,79.53245239098862
4198.483410708423,314.845777,478.063757,0.00039513833110576196,79.76926001163594
4203.481867016957,314.299313,473.095262,8.751185292838754e-05,80.00032429982033
4208.480317731137,313.755023,468.126534,6.358749321524558e-05,80.22582048899585
4213.478752606366,313.212314,463.157649,7.992216014902936e-05,80.44591643166146
4218.47719713001,312.671589,458.188538,7.916131547834796e-05,80.6607747088015
4223.475653153473,312.132829,453.219202,7.031400972178875e-05,80.87055033113359
4228.47410510699,311.595816,448.249681,6.615833722287677e-05,81.07539146535551
4233.472560769062,311.060446,443.279979,6.719288956577272e-05,81.27544147154876
4238.471017910129,310.526745,438.310096,6.913867195075326e-05,81.47083779027606
4243.469470884426,309.994762,433.340033,7.080453093296793e-05,81.66171252344473
4248.467923894426,309.464538,428.369782,7.261669146161919e-05,81.84819320675476
4253.466377780733,308.936118,423.399338,7.430098409767747e-05,82.03040253211813
4258.464831760422,308.409544,418.428698,7.598533130465801e-05,82.20845865561051
4263.463285097458,307.884858,413.457859,7.779750901528214e-05,82.38247547898108
4268.461738779033,307.362105,408.486816,7.94022718099661e-05,82.55256290959733
4273.460192376987,306.841325,403.515566,8.121026486635521e-05,82.71882694037997
4278.458645986571,306.322563,398.544105,8.28590190223603e-05,82.88136989775748
4283.457100171536,305.80586,393.572429,8.462307434652303e-05,83.040290606831
4288.45555424327,305.29126,388.600535,8.626774564508404e-05,83.19568449532495
4293.454007876661,304.778804,383.62842,8.79961638782487e-05,83.34764379693303
4298.452461590357,304.268535,378.65608,8.972050195289006e-05,83.4962577055942
4303.450914965167,303.760496,373.683512,9.140506670015805e-05,83.64161245434556
4308.4493677410455,303.254729,368.710713,9.313753390955036e-05,83.78379147558611
4313.447821604745,302.751277,363.737678,9.481405505858489e-05,83.92287556934832
4318.446274423869,302.250182,358.764406,9.485390850435125e-05,84.05894285325675
4323.44472722131,301.751445,353.790897,9.332455842226687e-05,84.1920690662874
4328.443180914249,301.255028,348.817155,9.150451352626063e-05,84.322327575557
4333.441634073096,300.760886,343.843187,8.977604586241843e-05,84.44978941545666
4338.44008799448,300.268976,338.868997,8.799984906236094e-05,84.57452351153464
4343.438542024489,299.779254,333.894591,8.630338636609411e-05,84.69659664516574
4348.436995255563,299.291678,328.919975,8.449525180786358e-05,84.81607358121752
4353.4354490072055,298.806203,323.945153,8.27628596776004e-05,84.93301720444364
4358.433903352942,298.322786,318.97013,8.098294593187271e-05,85.04748850840434
4363.432356418191,297.841383,313.994913,7.929817353071473e-05,85.15954665331734
4368.430810064093,297.361952,309.019505,7.748613848267038e-05,85.26924916235022
4373.4292643974695,296.884448,304.043911,7.570635359157367e-05,85.37665185879047
4378.427717386462,296.408827,299.068138,7.398547977903916e-05,85.48180892295876
4383.426171831434,295.935046,294.092188,7.228543907414532e-05,85.58477309843825
4388.424625412962,295.463063,289.116068,7.039757726548967e-05,85.68559553626416
4393.4230792226535,294.992831,284.139782,6.878486383382115e-05,85.78432602715154
4398.42153265059,294.52431,279.163335,6.689697093011286e-05,85.8810129459278
4403.419986694718,294.057453,274.186731,6.52407065555337e-05,85.97570336590495
4408.418439755895,293.592219,269.209976,6.343624050366353e-05,86.06844302380424
4413.416893552595,293.128563,264.233073,6.170401464408e-05,86.15927647629812
4418.4153475840685,292.666442,259.256027,5.99319653841634e-05,86.24824703736785
4423.413801401676,292.205812,254.278843,5.815994386424155e-05,86.33539686244086
4428.4122545169885,291.746629,249.301526,5.6435126761178666e-05,86.42076698534935
4433.410708302976,291.28885,244.324079,5.466309773147447e-05,86.50439738719892
4438.409162195806,290.832431,239.346507,5.289109841148608e-05,86.58632696644507
4443.407615595356,290.377328,234.368815,5.1166245837602165e-05,86.66659360676617
4448.406069767336,289.923498,229.391006,4.9350766784844516e-05,86.74523423965022
4453.4045231378095,289.470896,224.413086,4.766576778979566e-05,86.82228480022549
4458.402976816083,289.01948,219.435058,4.5857542243420926e-05,86.89778034523137
4463.401431155681,288.569205,214.456926,4.416171259418826e-05,86.97175502685457
4468.399884217567,288.120029,209.478696,4.232083139604444e-05,87.04424209941449
4473.398338377146,287.671906,204.50037,4.058516424079544e-05,87.11527404325662
4478.396791728316,287.224793,199.521954,3.890369803306457e-05,87.18488246448831
4483.395246233365,286.778648,194.54345,3.7044907019607865e-05,87.2530982369448
4488.393699206231,286.333425,189.564865,3.5327118239807054e-05,87.31995140668259
4493.3921536446105,285.889081,184.5862,3.359150925030603e-05,87.38547135652566
4498.390607543186,285.445573,179.607461,3.198264202930143e-05,87.44968668325916
4503.3890606012255,285.002861,174.628652,3.098241356612158e-05,87.51262530980432
4508.387514160714,284.56092,169.649774,3.017796776196388e-05,87.57431450263294
4513.3859681146005,284.11973,164.670829,2.929026389139302e-05,87.63478085203405
4518.384421526867,283.679269,159.69182,2.8489356535111155e-05,87.69405030023871
4523.382875268045,283.239517,154.712748,2.7645049577473553e-05,87.75214819130228
4528.381329291819,282.800453,149.733615,2.683710579731495e-05,87.80909925561517
4533.37978245928,282.362057,144.754424,2.5920082038174708e-05,87.86492762604124
4538.378236874597,281.924306,139.775175,2.51086380624763e-05,87.91965690301032
4543.376690386002,281.48718,134.795872,2.4307716367366187e-05,87.9733100863775
4548.3751438226345,281.050659,129.816516,2.3423547400922194e-05,88.02590967145956
4553.3735971845745,280.614721,124.837109,2.2582733877681655e-05,88.07747762137664
4558.372051373243,280.179345,119.857652,2.17748209869285e-05,88.12803539973078
4563.370505203537,279.744511,114.878148,2.0930528715648578e-05,88.17760395392219
4568.368958566865,279.310198,109.898599,2.0049833875984177e-05,88.22620376132298
4573.367412431036,278.876384,104.919006,1.928528296636272e-05,88.27385484113684
4578.365866500924,278.44305,99.939371,1.835777052506373e-05,88.32057674404221
4583.364319826044,278.010173,94.959697,1.7556822077638313e-05,88.36638857104752
4588.362773182488,277.577733,89.979985,1.6715987127662192e-05,88.41130900717641
4593.36122742751,277.145709,85.000236,1.5904652601284087e-05,88.45535631676725
4598.359680337952,276.714081,80.020454,1.5030850324737845e-05,88.498548327097
4603.358134839733,276.282827,75.040638,1.4176199119541294e-05,88.54090251133864
4608.356587789979,275.851926,70.060793,1.3382136227866458e-05,88.5824359013683
4613.355041932837,275.421358,65.080918,1.2491071838400806e-05,88.62316520011971
4618.353495199183,274.991101,60.101017,1.1693548134421032e-05,88.66310670103067
4623.35194932886,274.561135,55.12109,1.0845810288035381e-05,88.70227636877267
4628.350403155287,274.131439,50.14114,1.0001528048496218e-05,88.74068979379791
4633.348856504739,273.701992,45.161169,9.120797655247298e-06,88.77836223274268
4638.347310282507,273.272772,40.181178,8.356260864183266e-06,88.81530861685769
4643.345764137073,272.84376,35.201169,7.432219528232625e-06,88.85154354260094
4648.344218057692,272.414933,30.221144,6.667683094470908e-06,88.88708129194481
4653.34267168801,271.986272,25.241105,5.7835151643635696e-06,88.92193583515977
4658.341124926952,271.557755,20.261054,4.942668898685098e-06,88.95612084273732
4663.339578582142,271.129361,15.280992,4.138244806652263e-06,88.98964969695774
4668.338032377639,270.70107,10.300921,3.254084039779963e-06,89.02253548534819
4673.336486207593,270.27286,5.320843,2.449661424956962e-06,89.05479101641947
4678.334939793763,269.844711,0.34076,1.5689348113658792e-06,89.08642882413285
4683.333394024789,269.416601,-4.639327,5.982282649847319e-07,89.11746118286992
4688.331846971111,268.988506,-9.619414,3.9885057030251803e-07,89.14790008883985
4693.330300773898,268.560401,-14.599501,1.3660874604325797e-06,89.17775730907387
4698.328754499839,268.132262,-19.579585,2.3699291237246645e-06,89.2070443432201
4703.32720829811,267.704064,-24.559664,3.3338499892381684e-06,89.23577245505076
4708.325662233093,267.275783,-29.539736,4.380944961132124e-06,89.26395267095924
4713.3241155454625,266.847393,-34.519798,5.301566509373609e-06,89.29159578145823
4718.322569213056,266.418871,-39.499849,6.345235476279228e-06,89.31871236088959
4723.32102347651,265.990191,-44.479887,7.272707866776824e-06,89.34531275858453
4728.319477325233,265.56133,-49.459909,8.316388804769248e-06,89.37140710167094
4733.317931004986,265.132262,-54.439913,9.2803074899537e-06,89.39700531349969
4738.316384593013,264.702963,-59.419897,1.0284101255196334e-05,89.42211711068478
4743.314838255844,264.273408,-64.399859,1.129134088180305e-05,89.44675200915958
4748.313291167582,263.843572,-69.379796,1.2248377284180673e-05,89.47091932348393
4753.311745409408,263.413431,-74.359708,1.3219179992256473e-05,89.49462819025263
4758.310199081754,262.982961,-79.339591,1.4222976608637161e-05,89.51788753906716
4763.30865236861,262.552137,-84.319443,1.5263193824772173e-05,89.54070612623542
4768.3071065418535,262.120933,-89.299263,1.6190689602238746e-05,89.56309253349788
4773.305560627736,261.689326,-94.279048,1.719794394543229e-05,89.58505515693706
4778.304013831001,261.257291,-99.258795,1.8198280820766622e-05,89.60660222229025
4783.302467355383,260.824803,-104.238503,1.9162193942442733e-05,89.62774179636949
4788.300921328574,260.391838,-109.21817,2.0209325975679022e-05,89.6484817772064
4793.2993750623955,259.95837,-114.197793,2.1093497259589858e-05,89.66882989917195
4798.297828525516,259.524377,-119.17737,2.221691012346126e-05,89.68879374270259
4803.296282215204,259.089831,-124.156899,2.306120415257358e-05,89.70838073698093
4808.294736028719,258.654711,-129.136378,2.418809616500845e-05,89.72759815875703
4813.293189484615,258.218989,-134.115804,2.5068776076769717e-05,89.74645313668023
4818.2916435802435,257.782643,-139.095176,2.611942544873254e-05,89.76495266149811
4823.290096682415,257.345647,-144.07449,2.7116210984871768e-05,89.78310357372719
4828.2885510652995,256.907976,-149.053746,2.804725626358583e-05,89.80091259089487
4833.287004853202,256.469607,-154.03294,2.9051048167930284e-05,89.81838628100721
4838.285458348171,256.030515,-159.01207,3.009470305935067e-05,89.83553108853702
4843.283911951175,255.590674,-163.991134,3.105861071588223e-05,89.85235332952374
4848.282365898648,255.15006,-168.97013,3.198618162395071e-05,89.86885919343035
4853.28081935384,254.70865,-173.949055,3.3069702508348556e-05,89.88505474294392
4858.27927284109,254.266417,-178.927907,3.39937410130822e-05,89.90094592466774
4863.277726543583,253.823338,-183.906684,3.503737507633513e-05,89.91653856595741
4868.2761809227295,253.379387,-188.885384,3.592866375546685e-05,89.93183837942405
4873.274634105584,252.934542,-193.864003,3.704847980408337e-05,89.94685095745281
4878.273087754329,252.488775,-198.84254,3.793264307718431e-05,89.9615817925473
4883.2715420144705,252.042064,-203.820993,3.8983434224757424e-05,89.97603626405409
4888.269995410371,251.594383,-208.799358,3.9903894036414786e-05,89.99021964057049
4893.26844920034,251.145709,-213.777634,4.0990973009976836e-05,90.00413709472477
4898.266903024423,250.696015,-218.755818,4.1918619332221976e-05,90.01779369272879
4903.265356178659,250.245278,-223.733907,4.287890984047116e-05,90.0311944003419
4908.263810055856,249.793474,-228.7119,4.392976247660614e-05,90.04434409144669
4913.262263257803,249.340577,-233.689793,4.4890031296194354e-05,90.05724753693394
4918.260717209522,248.886563,-238.667585,4.589740651446906e-05,90.06990942158976
4923.259171451554,248.431407,-243.645273,4.686860046902007e-05,90.08233433364586
4928.257624454643,247.975085,-248.622853,4.786503953786764e-05,90.09452676910789
4933.256078781327,247.517572,-253.600325,4.883991727805106e-05,90.10649114619662
4938.254531941342,247.058844,-258.577684,4.983999811857159e-05,90.11823178474705
4943.25298553731,246.598876,-263.554929,5.084741233689933e-05,90.12975293018381
4948.251439199062,246.137643,-268.532057,5.177143177922231e-05,90.14105874062582
4953.24989338626,245.675122,-273.509066,5.286227900265488e-05,90.1521532952241
4958.248346956305,245.211286,-278.485952,5.3786316782743134e-05,90.16304059033953
4963.246800407263,244.746112,-283.462713,5.47501864365756e-05,90.17372454841701
4968.245254349159,244.279576,-288.439347,5.58012332317679e-05,90.18420901602055
4973.243707607797,243.811652,-293.41585,5.676135023427217e-05,90.19449776145544
4978.242161829908,243.342316,-298.392221,5.777256930661866e-05,90.20459448592634
4983.24061579016,242.871543,-303.368456,5.870037157262516e-05,90.21450281318879
4988.239069091683,242.39931,-308.344552,5.978377487729616e-05,90.22422629873414
4993.237522732603,241.92559,-313.320507,6.067173135798158e-05,90.23376843212449
4998.235976264463,241.450361,-318.296318,6.171908262145358e-05,90.24313263280041
5003.234429640517,240.973597,-323.271982,6.27227635926423e-05,90.25232225509001
5008.2328837379555,240.495273,-328.247497,6.369426587528817e-05,90.26134059040204
5013.231337370781,240.015365,-333.222859,6.465810894369311e-05,90.27019086307573
5018.229791366879,239.533849,-338.198066,7.23482784800631e-05,90.27887623907702
5023.228243811404,239.050534,-343.173097,0.00019161221552562897,90.28739981879373
5028.226699455116,238.562454,-348.147666,0.0007180367075104749,90.2957646544328
5033.225068430561,238.056532,-353.120365,0.0015431282766039894,90.30397358382427
5038.223315760604,237.512284,-358.088893,0.002180457437849226,90.31202948703375
5043.2216653450705,236.913907,-363.051296,0.002507432693379669,90.31993560139009
5048.22019775002,236.253359,-368.005991,0.002774949962414676,90.32769485998337
5053.218790520645,235.524142,-372.951107,0.0030903353759719134,90.33530982377846
5058.217368195064,234.718628,-377.884354,0.0034183457668219316,90.3427830856509
5063.215940135245,233.828942,-382.803112,0.0037514249509376526,90.35011731973249
5068.214473493034,232.847189,-387.704285,0.00408614253321238,90.35731508754203
5073.212957875572,231.765552,-392.584337,0.004430389159365917,90.36437893606804
5078.2114662598615,230.576111,-397.439264,0.004765302059532222,90.37131148011494
5083.209729399108,229.271441,-402.264248,0.005113039924114902,90.37811481319797
5088.207839086889,227.843944,-407.05417,0.005603872078571658,90.38479149154026
5093.206060170765,226.282824,-411.80234,0.006266371554510477,90.39134424245971
5098.204224893263,224.573792,-416.499239,0.006966204789520598,90.39777516539579
5103.202594360445,222.702203,-421.133983,0.007706379156266796,90.40408687349698
5108.200814927669,220.653572,-425.693075,0.008410199808111689,90.41028115012699
5113.198686584846,218.41531,-430.161733,0.00879951315542146,90.41635995614608
5118.196662385091,215.982681,-434.527747,0.009148025672770045,90.42232600799444
5123.194472565852,213.353116,-438.777864,0.009664075529620687,90.4281810934753
5128.192294163837,210.521394,-442.896064,0.01022481040137214,88.78014627808676
5133.190190145526,207.482944,-446.864286,0.01085573024789539,85.6862976626722
5138.187907616734,204.233866,-450.661742,0.01156197552704362,82.99293892667049
5143.1856385048995,200.770864,-454.265203,0.012281114395182494,81.03213952853123
5148.183295327587,197.093373,-457.649377,0.012812587534562539,81.03213952853123
5153.180777691382,193.206973,-460.791148,0.012802504278284152,81.0321396304032
5158.178358176102,189.127537,-463.678017,0.012538080294747024,81.23316394052623
5163.1760480913845,184.875212,-466.303781,0.012290064415399397,81.42951156665659
5168.173760164553,180.469685,-468.663539,0.012081347947628544,81.62131220641714
5173.171425936944,175.929816,-470.753097,0.011923663380534648,81.80869158211863
5178.169133200049,171.273506,-472.568546,0.011901940081910744,81.99177661689649
5183.1668465652565,166.517488,-474.103939,0.011997516203893898,82.17068500905746
5188.164548100468,161.67801,-475.351526,0.012154326896082576,82.34553088637473
5193.1622985050235,156.771664,-476.302987,0.012375424977105483,82.5164270247316
5198.159974752588,151.815957,-476.949312,0.012314224693028949,82.68347597539653
5203.157629191015,146.829899,-477.28957,0.011850441437827928,82.84678266809574
5208.155400237031,141.832326,-477.334062,0.011273924956980836,83.00645106930477
5213.153216412884,136.840135,-477.097006,0.010715639701130757,83.16257481232061
5218.151079984338,131.867747,-476.593024,0.010241708904509109,83.31524675471904
5223.148998119036,126.927608,-475.835256,0.009860966901416385,83.46455680548132
5228.146964863167,122.030756,-474.835,0.00950584154227283,83.61059151790617
5233.144971254006,117.186901,-473.603279,0.009169268286204308,83.75343454863065
5238.14301040063,112.404534,-472.150915,0.008850125776280806,83.8931669281488
5243.141080166396,107.691044,-470.488473,0.008547797028815043,84.02986724017097
5248.139178197797,103.052837,-468.626211,0.008260786915613737,84.16361158131613
5253.137296728856,98.495438,-466.574065,0.007988369771691631,84.29447352753039
5258.135418560739,94.023588,-464.341627,0.00772984582286302,84.42252414274294
5263.133559916077,89.641292,-461.938109,0.007492169645559908,84.54783316897456
5268.13171913857,85.352042,-459.372192,0.007279848572524155,84.67046776405559
5273.129895165965,81.158965,-456.651922,0.007078668375715505,84.79049307640487
5278.128088075288,77.064728,-453.785015,0.006887015145188311,84.9079723347091
5283.126295603789,73.071577,-450.778884,0.006703937540756186,85.0229668397055
5288.124517451372,69.181371,-447.640649,0.006529350071594436,85.13553613779033
5293.1227523418365,65.39563,-444.377136,0.006362175187739786,85.24573801903722
5298.121000386062,61.715559,-440.994894,0.006202411433931475,85.35362863485629
5303.119260278475,58.142089,-437.500196,0.006048761057471325,85.45926249694028
5308.117530831972,54.675889,-433.899062,0.005895954219660589,85.56269257070774
5313.115811197129,51.3173,-430.197348,0.005742947898862032,85.66397033522409
5318.114100847805,48.066335,-426.400754,0.0055948852722523075,85.76314583541634
5323.11240022429,44.922796,-422.514733,0.005451264159941097,85.86026774474325
5328.110707423178,41.886292,-418.544504,0.005312073119898316,85.9553833489085
5333.109023437627,38.956259,-414.495051,0.005176850171543089,86.04853869461061
5338.107346445962,36.131976,-410.371138,0.0050454799565536,86.13977852410106
5343.105676118037,33.41258,-406.177311,0.004917468647464583,86.22914640004433
5348.104012169547,30.797075,-401.91791,0.004792897508937642,86.31668471805826
5353.102355554064,28.28435,-397.597071,0.0046713987894188135,86.40243476604861
5358.100704128358,25.873189,-393.218739,0.004552659445836022,86.48643668657706
5363.099057535837,23.562276,-388.786672,0.004436652509685405,86.5687295983995
5368.097416741787,21.350208,-384.304446,0.004323198612219468,86.64935162016191
5373.095780241631,19.235505,-379.775465,0.004212025516848785,86.72833984126133
5378.094149005804,17.216613,-375.202964,0.004103111844201746,86.80573043399495
5383.092521675056,15.291916,-370.590018,0.003996073800972998,86.88155860707201
5388.09089911574,13.459735,-365.939546,0.0038912215631618373,86.95585870606268
5393.0892794966,11.718346,-361.254317,0.0037876349018012463,87.02866416629497
5398.087663125739,10.065965,-356.536958,0.003681854910768803,87.10000761276906
5403.086050774117,8.500674,-351.789986,0.0035728243428562946,87.16992085940815
5408.084443159686,7.020401,-347.015814,0.003464615293963369,87.2384349262408
5413.082837831913,5.623023,-342.216722,0.0033569227016688567,87.30558002162023
5418.081236103115,4.306363,-337.394856,0.0032498985887224503,87.37138566076229
5423.079638176567,3.068201,-332.552235,0.003143444635649298,87.43588062001145
5428.078043439466,1.906277,-327.690755,0.003037524138403736,87.49909296340007
5433.076451363724,0.818295,-322.812192,0.0029321114898360726,87.56105007542159
5438.0748623779955,-0.198073,-317.918205,0.002827137966480999,87.62177869131389
5443.073276955521,-1.145184,-313.010341,0.0027226233098709782,87.68130490413898
5448.07169327924,-2.025419,-308.090041,0.002618453115972451,87.73965415593923
5453.070112688343,-2.841183,-303.158639,0.002514568976064282,87.79685132048444
5458.068534617191,-3.594902,-298.217371,0.002411145523061986,87.85292066002751
5463.066959833698,-4.289016,-293.267375,0.002307837816810463,87.9078858796306
5468.065386550041,-4.925984,-288.3097,0.0022048878869307263,87.96177009977012
5473.063815465018,-5.508276,-283.345304,0.0021020991431778767,88.01459592778899
5478.062247261977,-6.038375,-278.375061,0.001999457576754285,88.06638544423838
5483.060681466508,-6.518775,-273.399766,0.0018970864140625142,88.11716020573515
5488.059117034241,-6.951976,-268.420138,0.0017945963305587593,88.16694126592175
5493.057554097112,-7.340492,-263.436823,0.0016918791478253655,88.21574920651321
5498.0559938066845,-7.686852,-258.450398,0.0015889472638949936,88.2636041476563
5503.0544349305665,-7.993598,-253.461378,0.0014861196844047101,88.31052572763764
5508.052877121282,-8.263276,-248.470216,0.0013832304252775964,88.35653314737338
5513.05132206993,-8.498439,-243.477306,0.0012804274822202236,88.40164519177286
5518.049767208288,-8.701642,-238.482993,0.0011774925638914863,88.44588018363365
5523.04821487818,-8.875447,-233.487568,0.00107466071319921,88.48925607796512
5528.046663004682,-9.022416,-228.491281,0.0009717974891513219,88.53179038912322
5533.045112178621,-9.145114,-223.494338,0.0008688764989996929,88.57350026398744
5538.043561598198,-9.246109,-218.496909,0.0007660042199995914,88.61440245658225
5543.042012956725,-9.327969,-213.499128,0.0006632026136577459,88.65451337012536
5548.040464411514,-9.393261,-208.501103,0.0005611461945890785,88.69384901705348
5553.03891739185,-9.444534,-203.502913,0.0004679885243191633,88.73242508344077
5558.0373691083905,-9.484115,-198.504618,0.00040325959799308804,88.77025687869741
5563.035822196496,-9.513621,-193.506252,0.00037003350758838444,88.80735941886026
5568.034275260182,-9.533882,-188.50784,0.0003488175861662334,88.84374736215898
5573.032728595336,-9.545428,-183.5094,0.0003288037534292876,88.87943506087046
5578.031181705236,-9.548759,-178.510948,0.00031503490506326826,88.91443655058625
5583.029634767035,-9.544219,-173.512497,0.0003237206376969372,88.94876556845546
5588.028088718631,-9.531591,-168.514059,0.00033737084152915845,88.98243556072205
5593.026541072281,-9.510534,-163.515651,0.0003511016860312191,89.01545966177989
5598.024994077536,-9.480705,-158.517287,0.00036479408211418453,89.04785075624163
5603.023447782478,-9.441762,-153.518985,0.00037848909010138303,89.0796214386299
5608.021900106821,-9.393363,-148.520767,0.0003921047484088069,89.11078402182363
5613.020352888934,-9.335168,-143.522653,0.000405763381358586,89.14135058170945
5618.018805981484,-9.266836,-138.524667,0.0004193847107704956,89.17133292566236
5623.017259298131,-9.188027,-133.526835,0.0004312490546793186,89.20074261182215
5628.015711104633,-9.098445,-128.529186,0.00043034301039467955,89.22959094508225
5633.014164168646,-8.998113,-123.53174,0.00042415712715673174,89.25788901853058
5638.01261718099,-8.887186,-118.534518,0.00041793172089301864,89.28564766891783
5643.011069824798,-8.76582,-113.537539,0.000411706213072337,89.31287751190003
5648.009522807888,-8.634171,-108.54082,0.0004054823746009657,89.33958894693896
5653.007975877943,-8.492395,-103.544378,0.00039933919138444656,89.36579215149915
5658.006428897548,-8.340646,-98.548229,0.0003929964427385567,89.3914970920582
5663.004881648175,-8.179083,-93.552388,0.0003868940132306905,89.41671352791376
5668.003334182464,-8.007859,-88.556869,0.00038303299116322046,89.44145101769087
5673.0017876937445,-7.827071,-83.561686,0.0003885889295781088,89.46571892803486
5678.000240779628,-7.636581,-78.566864,0.00039634943855302673,89.48952641977544
5682.99869305294,-7.436196,-73.57243,0.00040422968455210297,89.51288247035572
5687.997146404426,-7.22572,-68.57841,0.000411959874581346,89.53579588339716
5692.995598746572,-7.004961,-63.584835,0.0004198084616888257,89.55827526371395
5697.994051321756,-6.773724,-58.591734,0.0004277022039413748,89.58032905531412
5702.992504657653,-6.531813,-53.599138,0.0004356036985543566,89.60196552640136
5707.99095755082,-6.279032,-48.607081,0.0004433875547522243,89.62319276920368
5712.989409929166,-6.015188,-43.615597,0.0004485691389269955,89.64401871633603
5717.987862432254,-5.740153,-38.624717,0.00043294973902720897,89.66445114226089
5722.986314818919,-5.454318,-33.634444,0.000408102902757381,89.68449766017586
5727.984767658608,-5.158304,-28.644764,0.00038337057734689204,89.70416573247124
5732.983220899706,-4.852729,-23.65566,0.0003585101647333249,89.7234626682729
5737.981674741708,-4.538214,-18.667111,0.0003337285814033597,89.74239563027021
5742.980127172126,-4.215378,-13.679095,0.00030900727611018206,89.76097162868186
5747.978581194799,-3.884838,-8.691582,0.0002842546070825428,89.77919755151729
5752.977033890908,-3.547212,-3.704545,0.0,89.79708012674908
